Workbook

Sheet old impact
A1: 15 de mayo
A2: franchise | B2: Tt_Diff_Untreated | C2: Tt_Diff_Treated | D2: Slow_ratio_Diff_Untreated | E2: Slow_ratio_Diff_Treated | F2: ctp_Diff_Untreated | G2: ctp_Diff_Treated
A3: China Wok | B3: -0.738939 | C3: -5.171122 | D3: -9.9663 | E3: -16.597 | F3: -3.76338 | G3: -7.531357
A4: KFC | B4: -0.511462 | C4: -6.731944 | D4: -3.8271 | E4: -16.2616 | F4: -2.245355 | G4: -8.407732
A5: Wendy's | B5: -0.112362 | C5: -5.802086 | D5: -5.7852 | E5: -14.5448 | F5: -2.457281 | G5: -7.005651
A7: 19 de mayo
A8: franchise | B8: Tt_Diff_Untreated | C8: Tt_Diff_Treated | D8: Slow_ratio_Diff_Untreated | E8: Slow_ratio_Diff_Treated | F8: ctp_Diff_Untreated | G8: ctp_Diff_Treated
A9: China Wok | B9: 1.200055 | C9: -10.333729 | D9: -1.743 | E9: -13.3232 | F9: 0.954033 | G9: -7.06339
A10: KFC | B10: 0.407903 | C10: -7.405832 | D10: 0.4485 | E10: -4.5119 | F10: 0.459398 | G10: -6.288985
A11: Wendy's | B11: 0.658675 | C11: -9.733286 | D11: 0.1989 | E11: -16.9151 | F11: 0.638117 | G11: -9.63949

Sheet ept_adjustment_history
A1: executed_at | B1: wave | C1: flag | D1: adjustment_scope | E1: franchise_id | F1: franchise_name | G1: vendor_code | H1: vertical_type | I1: store_name | J1: ept_old | K1: ept_change_pct | L1: ept_new | M1: ept_change_min
A2: 46247.752 | C2: Manual adjustment | D2: vendor | E2: 0011r00002VoHwaAAF | F2: Wing It - LATAM | G2: 200873 | H2: Restaurant | I2: Wing It! - Puerto Varas | J2: 8 | K2: 0.375 | L2: 11 | M2: 3
A3: 46247.752 | C3: Manual adjustment | D3: vendor | G3: 593458 | H3: Restaurant | I3: China Huo | J3: 19 | K3: 0.2632 | L3: 24 | M3: 5
A4: 46247.752 | C4: Manual adjustment | D4: vendor | G4: 625586 | H4: Restaurant | I4: Niflaot07 | J4: 8 | K4: 0.375 | L4: 11 | M4: 3
A5: 46247.752 | C5: Manual adjustment | D5: vendor | G5: 627034 | H5: Pharmacy | I5: Farmacia Skol | J5: 6 | K5: 1.1667 | L5: 13 | M5: 7
A6: 46247.752 | C6: Manual adjustment | D6: vendor | G6: 629476 | H6: Restaurant | I6: La Quinta Zona | J6: 13 | K6: 0.7692 | L6: 23 | M6: 10
A7: 46247.752 | C7: Manual adjustment | D7: vendor | G7: 630028 | H7: Courier Business | I7: Forno Di Famiglia -- | J7: 10 | K7: 1 | L7: 20 | M7: 10
A8: 46247.415 | C8: Manual adjustment | D8: vendor | E8: 0011r00002VoISxAAN | F8: Tarragona | G8: 568481 | H8: Restaurant | I8: Tarragona - Mall Centro De Concepción | J8: 3 | K8: 2.3333 | L8: 10 | M8: 7
A9: 46247.415 | C9: Manual adjustment | D9: vendor | E9: 0011r00002VoHw4AAF | F9: McDonald's | G9: 62153 | H9: Restaurant | I9: McDonald's Estación Central | J9: 1 | K9: 9 | L9: 10 | M9: 9
A10: 46241.737 | C10: Manual adjustment | D10: vendor | G10: 588253 | H10: Restaurant | I10: Delicias Quilicura | J10: 15 | K10: 0.3333 | L10: 20 | M10: 5
A11: 46241.682 | C11: Manual adjustment | D11: vendor | E11: 0011r00002VoHw2AAF | F11: KFC | G11: 325098 | H11: Courier Business | I11: KFC -- | J11: 10 | K11: 0.4 | L11: 14 | M11: 4
A12: 46241.682 | C12: Manual adjustment | D12: vendor | E12: 0011r00002VoHw2AAF | F12: KFC | G12: 521856 | H12: Courier Business | I12: KFC Libertad Viña -- | J12: 9 | K12: 0.5556 | L12: 14 | M12: 5
A13: 46241.682 | C13: Manual adjustment | D13: vendor | E13: 0011r00002VoHw2AAF | F13: KFC | G13: 521858 | H13: Courier Business | I13: KFC La Calera -- | J13: 12 | K13: 0.1667 | L13: 14 | M13: 2
A14: 46241.682 | C14: Manual adjustment | D14: vendor | E14: 0011r00002VoHw2AAF | F14: KFC | G14: 521862 | H14: Courier Business | I14: KFC Concepcion Centro -- | J14: 9 | K14: 0.5556 | L14: 14 | M14: 5
A15: 46241.682 | C15: Manual adjustment | D15: vendor | E15: 0011r00002VoHw2AAF | F15: KFC | G15: 521863 | H15: Courier Business | I15: KFC Plaza Copiapo -- | J15: 8 | K15: 0.75 | L15: 14 | M15: 6
A16: 46241.682 | C16: Manual adjustment | D16: vendor | E16: 0011r00002VoHw2AAF | F16: KFC | G16: 521864 | H16: Courier Business | I16: KFC Ovalle -- | J16: 28 | K16: -0.5 | L16: 14 | M16: -14
A17: 46241.682 | C17: Manual adjustment | D17: vendor | E17: 0011r00002VoHw2AAF | F17: KFC | G17: 521865 | H17: Courier Business | I17: KFC Alameda Uc -- | J17: 13 | K17: 0.0769 | L17: 14 | M17: 1
A18: 46241.682 | C18: Manual adjustment | D18: vendor | E18: 0011r00002VoHw2AAF | F18: KFC | G18: 522081 | H18: Courier Business | I18: KFC Serrano Castro -- | J18: 12 | K18: 0.1667 | L18: 14 | M18: 2
A19: 46241.682 | C19: Manual adjustment | D19: vendor | E19: 0011r00002VoHw2AAF | F19: KFC | G19: 522082 | H19: Courier Business | I19: KFC Iquique Sur Walmart -- | J19: 13 | K19: 0.0769 | L19: 14 | M19: 1
A20: 46241.682 | C20: Manual adjustment | D20: vendor | E20: 0011r00002VoHw2AAF | F20: KFC | G20: 522083 | H20: Courier Business | I20: KFC San Felipe -- | J20: 14 | K20: 0 | L20: 14 | M20: 0
A21: 46241.682 | C21: Manual adjustment | D21: vendor | E21: 0011r00002VoHw2AAF | F21: KFC | G21: 522086 | H21: Courier Business | I21: KFC Colina -- | J21: 9 | K21: 0.5556 | L21: 14 | M21: 5
A22: 46241.682 | C22: Manual adjustment | D22: vendor | E22: 0011r00002VoHw2AAF | F22: KFC | G22: 522087 | H22: Courier Business | I22: KFC Plaza Sur -- | J22: 14 | K22: 0 | L22: 14 | M22: 0
... A108: 46241.682 | C108: Manual adjustment | D108: vendor | E108: 0011r00002VoHw2AAF | F108: KFC | G108: 594935 | H108: Courier Business | I108: KFC Santa Cruz -- | J108: 10 | K108: 0.4 | L108: 14 | M108: 4
A109: 46239 | C109: Manual adjustment | D109: vendor | G109: 161938 | H109: Restaurant | I109: Dulce Cafe Coronel | J109: 11 | K109: 0.3636 | L109: 15 | M109: 4
A110: 46239 | C110: Manual adjustment | D110: vendor | G110: 161947 | H110: Restaurant | I110: Dulce Cafe Lagunillas | J110: 13 | K110: 0.1538 | L110: 15 | M110: 2
A111: 46239 | C111: Manual adjustment | D111: vendor | G111: 493016 | H111: Restaurant | I111: La Fontana Pastas | J111: 31 | K111: -0.5161 | L111: 15 | M111: -16
A112: 46239 | C112: Manual adjustment | D112: vendor | G112: 563357 | H112: Courier Business | I112: My Pizza -- | J112: 19 | K112: -0.4737 | L112: 10 | M112: -9
A113: 46239 | C113: Manual adjustment | D113: vendor | G113: 608793 | H113: Restaurant | I113: Factory Arica | J113: 11 | K113: 1.2727 | L113: 25 | M113: 14
A114: 46239 | C114: Manual adjustment | D114: vendor | G114: 627568 | H114: Pharmacy | I114: Farmacia Roraima Santiago Centro | J114: 6 | K114: 1 | L114: 12 | M114: 6
A115: 46239 | C115: Manual adjustment | D115: vendor | G115: 630868 | H115: Restaurant | I115: Plaza Terraza | J115: 14 | K115: 0.2143 | L115: 17 | M115: 3
A116: 46239 | C116: Manual adjustment | D116: vendor | G116: 631065 | H116: Restaurant | I116: Kata Bar & Resto | J116: 14 | K116: 0.7857 | L116: 25 | M116: 11
A117: 46265.718 | B117: Week36 | C117: AWT0 reduction | D117: vendor | E117: 0011r00002VoHwkAAF | F117: Alemán Experto | G117: 523373 | H117: MISSING | I117: Alemán Experto - Providencia | J117: 14.6 | K117: -0.3533 | L117: 9.5 | M117: -5.2
A118: 46265.718 | B118: Week36 | C118: AWT0 reduction | D118: vendor | E118: 0011r00002VoHwkAAF | F118: Alemán Experto | G118: 66806 | H118: MISSING | I118: Alemán Experto - Vitacura | J118: 20.1 | K118: -0.2611 | L118: 14.8 | M118: -5.2
A119: 46265.718 | B119: Week36 | C119: AWT0 reduction | D119: vendor | E119: 0011r00002VoHwkAAF | F119: Alemán Experto | G119: 370667 | H119: MISSING | I119: Alemán Experto Chicureo | J119: 21.2 | K119: -0.32 | L119: 14.4 | M119: -6.8
A120: 46265.718 | B120: Week36 | C120: AWT0 reduction | D120: vendor | E120: 0011r00002VoHwkAAF | F120: Alemán Experto | G120: 399367 | H120: MISSING | I120: Alemán Experto Macul | J120: 18.3 | K120: -0.3328 | L120: 12.2 | M120: -6.1
A121: 46265.718 | B121: Week36 | C121: AWT0 reduction | D121: vendor | E121: 0011r00002VoIQIAA3 | F121: American (mechado) | G121: 408558 | H121: MISSING | I121: American Burger - Coronel | J121: 17.5 | K121: -0.3727 | L121: 11 | M121: -6.5
A122: 46265.718 | B122: Week36 | C122: AWT0 reduction | D122: vendor | E122: 0011r00002VoIT9AAN | F122: Amus Buch Salads & Sandwich | G122: 132318 | H122: MISSING | I122: Amus Buch Salads & Sandwich | J122: 19.8 | K122: -0.2677 | L122: 14.5 | M122: -5.3
A123: 46265.718 | B123: Week36 | C123: AWT0 reduction | D123: vendor | E123: 0011r00002VoIQsAAN | F123: Bariloche | G123: 118766 | H123: MISSING | I123: Bariloche - Copiapó | J123: 10.2 | K123: -0.4888 | L123: 5.2 | M123: -5
A124: 46265.718 | B124: Week36 | C124: AWT0 reduction | D124: vendor | E124: 0011r00002VoIQsAAN | F124: Bariloche | G124: 101169 | H124: MISSING | I124: Bariloche- Calama | J124: 12.8 | K124: -0.4413 | L124: 7.2 | M124: -5.7
A125: 46265.718 | B125: Week36 | C125: Median Franchise-Grade | D125: vendor | E125: 0016900002nctNWAAY | F125: Barrio Chicken | G125: 624994 | H125: MISSING | I125: Barrio Chicken Costanera Center 719 | J125: 27.9 | K125: -0.6119 | L125: 10.8 | M125: -17.1
A126: 46265.718 | B126: Week36 | C126: AWT0 reduction | D126: vendor | E126: 0016900002nctNWAAY | F126: Barrio Chicken | G126: 462408 | H126: MISSING | I126: Barrio Chicken Mall Plaza Antofagasta | J126: 14.8 | K126: -0.4615 | L126: 8 | M126: -6.8
A127: 46265.718 | B127: Week36 | C127: AWT0 reduction | D127: vendor | E127: 0016900002kW12IAAS | F127: Bonsai Sushi | G127: 326434 | H127: MISSING | I127: Bonsai Sushi - Delivery | J127: 13.9 | K127: -0.3584 | L127: 9 | M127: -5
A128: 46265.718 | B128: Week36 | C128: AWT0 reduction | D128: vendor | E128: 0011r00002Xc2xYAAR | F128: Breko Sushi | G128: 104985 | H128: MISSING | I128: Breko Valle Volcanes | J128: 19.7 | K128: -0.2913 | L128: 14 | M128: -5.7
... A563: 46265.718 | B563: Week36 | C563: AWT0 reduction | D563: vendor | E563: 0016900002dYyFOAA0 | F563: Yakuza Sushi | G563: 377057 | H563: MISSING | I563: Yakuza Sushi Melipilla | J563: 18 | K563: -0.278 | L563: 13 | M563: -5
A564: 46182 | B564: W6 | D564: vendor | F564: Doña Carne | G564: 491122 | H564: Market | I564: Doña Carne- San Pablo | J564: 50 | K564: -0.88 | L564: 6 | M564: -44
A565: 46182 | B565: W6 | D565: vendor | F565: Oxxo | G565: 537232 | H565: Market | I565: Oxxo - Libertad | J565: 50 | K565: -0.88 | L565: 6 | M565: -44
A566: 46182 | B566: W6 | D566: vendor | F566: Doña Carne | G566: 148636 | H566: Market | I566: Doña Carne - Camilo Henriquez | J566: 46.7 | K566: -0.8715 | L566: 6 | M566: -40.7
A567: 46182 | B567: W6 | D567: vendor | F567: Farmacias Ahumada | G567: 189640 | H567: Pharmacy | I567: Farmacias Ahumada - Pruebas Isp | J567: 45 | K567: -0.8222 | L567: 8 | M567: -37
A568: 46168 | B568: W4 | C568: Median Franchise | D568: vendor | F568: Churromania | G568: 407962 | H568: Restaurant | I568: Churromania Santa Isabel | J568: 44.6 | K568: -0.8206 | L568: 8 | M568: -36.6
A569: 46182 | B569: W6 | D569: vendor | F569: Oxxo | G569: 527494 | H569: Market | I569: Oxxo - Plaza Sotomayor | J569: 41.6 | K569: -0.8558 | L569: 6 | M569: -35.6
A570: 46182 | B570: W6 | D570: vendor | F570: Farmacias Ahumada | G570: 193404 | H570: Pharmacy | I570: Farmacias Ahumada 467 - Lo Prado | J570: 43.5 | K570: -0.8161 | L570: 8 | M570: -35.5
A571: 46182 | B571: W6 | D571: vendor | F571: Farmacias Ahumada | G571: 193145 | H571: Pharmacy | I571: Farmacias Ahumada 446 - Punta Arenas | J571: 43.3 | K571: -0.8152 | L571: 8 | M571: -35.3
A572: 46182 | B572: W6 | D572: vendor | F572: Farmacias Ahumada | G572: 193178 | H572: Pharmacy | I572: Farmacias Ahumada 280 - San Pedro De La Paz | J572: 39.6 | K572: -0.798 | L572: 8 | M572: -31.6
A573: 46182 | B573: W6 | D573: vendor | F573: Farmacias Ahumada | G573: 189998 | H573: Pharmacy | I573: Farmacias Ahumada 195 - Juan Bosco | J573: 39.3 | K573: -0.7964 | L573: 8 | M573: -31.3
A574: 46182 | B574: W6 | D574: vendor | F574: Farmacias Ahumada | G574: 192872 | H574: Pharmacy | I574: Farmacias Ahumada 405 - Viña Del Mar | J574: 39 | K574: -0.7949 | L574: 8 | M574: -31
A575: 46178 | B575: W5 | C575: Median Franchise | D575: vendor | F575: Doggis Heladeria | G575: 394105 | H575: Restaurant | I575: Doggis Heladería Mall Paseo San Bernardo | J575: 42 | K575: -0.7381 | L575: 11 | M575: -31
A576: 46182 | B576: W6 | D576: vendor | F576: Doña Carne | G576: 149453 | H576: Market | I576: Doña Carne - Arlegui 2 | J576: 36.4 | K576: -0.8352 | L576: 6 | M576: -30.4
A577: 46182 | B577: W6 | D577: vendor | F577: Farmacias Ahumada | G577: 193094 | H577: Pharmacy | I577: Farmacias Ahumada 276 - Mall El Trébol | J577: 38.2 | K577: -0.7906 | L577: 8 | M577: -30.2
A578: 46182 | B578: W6 | D578: vendor | F578: Farmacias Ahumada | G578: 193160 | H578: Pharmacy | I578: Farmacias Ahumada 623 - Concón | J578: 37.1 | K578: -0.7844 | L578: 8 | M578: -29.1
A579: 46232 | B579: W9 | D579: vendor | F579: Petrobras | G579: 281980 | H579: Market | I579: Aramco - San Martín | J579: 33.9 | K579: -0.8525 | L579: 5 | M579: -28.9
A580: 46182 | B580: W6 | D580: vendor | F580: Farmacias Ahumada | G580: 192884 | H580: Pharmacy | I580: Farmacias Ahumada 466 - Los Ángeles | J580: 36.9 | K580: -0.7832 | L580: 8 | M580: -28.9
A581: 46168 | B581: W4 | C581: Median Franchise | D581: vendor | F581: Juan Maestro | G581: 610890 | H581: Restaurant | I581: Juan Maestro Mall Plaza Los Ríos | J581: 40.2 | K581: -0.7139 | L581: 11.5 | M581: -28.7
A582: 46205 | B582: W8 | D582: vendor | F582: Doggis | G582: 106538 | H582: Restaurant | I582: Doggis Mall Arauco Maipú | J582: 40 | K582: -0.6975 | L582: 12.1 | M582: -27.9
A583: 46232 | B583: W9 | D583: vendor | F583: El Carnicero | G583: 132007 | H583: Market | I583: El Carnicero - Centro 1 | J583: 37.2 | K583: -0.7312 | L583: 10 | M583: -27.2
A584: 46168 | B584: W4 | C584: Median Franchise | D584: vendor | F584: Churromania | G584: 222913 | H584: Restaurant | I584: Churromanía - Maipú | J584: 34.3 | K584: -0.7901 | L584: 7.2 | M584: -27.1
A585: 46164 | B585: W3 | C585: Median Franchise | D585: vendor | F585: Tommy Beans | G585: 499868 | H585: Restaurant | I585: Tommy Beans - Arica Calle | J585: 41.3 | K585: -0.6562 | L585: 14.2 | M585: -27.1
A586: 46168 | B586: W4 | C586: Median Franchise | D586: vendor | F586: Montalbano | G586: 484237 | H586: Restaurant | I586: Montalbano Mall Arauco Maipú | J586: 39.5 | K586: -0.6684 | L586: 13.1 | M586: -26.4
A587: 46255 | B587: Week34 mini | C587: EPT 8w ago | D587: vendor | G587: 532841 | H587: Restaurant | I587: 7 Cortes - Open Kennedy | J587: 23.5 | K587: -0.3191 | L587: 16 | M587: -7.5
A588: 46255 | B588: Week34 mini | C588: FIR last week | D588: vendor | G588: 592336 | H588: Restaurant | I588: Acai Concept Providencia | J588: 10 | K588: -0.366 | L588: 6.3 | M588: -3.7
A589: 46255 | B589: Week34 mini | C589: FIR last week | D589: vendor | G589: 627815 | H589: Restaurant | I589: Acai Home. | J589: 13 | K589: -0.4762 | L589: 6.8 | M589: -6.2
A590: 46255 | B590: Week34 mini | C590: FIR last week | D590: vendor | G590: 632790 | H590: Restaurant | I590: Acaibowl Fusion | J590: 16 | K590: -0.4169 | L590: 9.3 | M590: -6.7
A591: 46255 | B591: Week34 mini | C591: FIR last week | D591: vendor | G591: 458188 | H591: Restaurant | I591: Akira Sushi - San Pedro | J591: 22.8 | K591: -0.3767 | L591: 14.2 | M591: -8.6
A592: 46255 | B592: Week34 mini | C592: EPT 8w ago | D592: vendor | G592: 7122 | H592: Restaurant | I592: Akitu Fusion | J592: 18 | K592: -0.3333 | L592: 12 | M592: -6
A593: 46255 | B593: Week34 mini | C593: FIR last week | D593: vendor | G593: 633125 | H593: Restaurant | I593: Al Paso Café | J593: 16 | K593: -0.3725 | L593: 10 | M593: -6
A594: 46255 | B594: Week34 mini | C594: FIR last week | D594: vendor | G594: 196312 | H594: Market | I594: Almacén Jaimito | J594: 21.2 | K594: -0.5113 | L594: 10.4 | M594: -10.8
A595: 46255 | B595: Week34 mini | C595: High preptime | FIR vertical-cuisine | D595: vendor | G595: 546717 | H595: Restaurant | I595: Almakai | J595: 36.2 | K595: -0.572 | L595: 15.5 | M595: -20.7
A596: 46255 | B596: Week34 mini | C596: High preptime | FIR vertical-cuisine | D596: vendor | G596: 309056 | H596: Restaurant | I596: Altiplano - Cocina Peruana | J596: 37 | K596: -0.5514 | L596: 16.6 | M596: -20.4
A597: 46255 | B597: Week34 mini | C597: FIR last week | D597: vendor | G597: 413261 | H597: Restaurant | I597: Alto Nikkei Sushi | J597: 23 | K597: -0.7826 | L597: 5 | M597: -18
A598: 46255 | B598: Week34 mini | C598: FIR last week | D598: vendor | G598: 627720 | H598: Restaurant | I598: Amanda Café Y Banquete | J598: 13 | K598: -0.4785 | L598: 6.8 | M598: -6.2
... A601: 46255 | B601: Week34 mini | C601: FIR last week | D601: vendor | G601: 418601 | H601: Restaurant | I601: Asire Sushi | J601: 18 | K601: -0.3961 | L601: 10.9 | M601: -7.1
A602: 46255 | B602: Week34 mini | C602: FIR last week | D602: vendor | G602: 575990 | H602: Restaurant | I602: Así Es Mi Tierra Restaurant | L602: 12.7
A603: 46255 | B603: Week34 mini | C603: High preptime | FIR vertical-cuisine | D603: vendor | G603: 323623 | H603: Restaurant | I603: Autoservicio Charlie | J603: 20.2 | K603: -0.2698 | L603: 14.8 | M603: -5.4
A604: 46255 | B604: Week34 mini | C604: FIR last week | D604: vendor | G604: 190525 | H604: Restaurant | I604: Baharat | J604: 13.5 | K604: -0.4926 | L604: 6.8 | M604: -6.6
A605: 46255 | B605: Week34 mini | C605: High preptime | FIR vertical-cuisine | D605: vendor | G605: 530751 | H605: Restaurant | I605: Bamgou - Comida Rápida | J605: 31.6 | K605: -0.4162 | L605: 18.4 | M605: -13.1
A606: 46255 | B606: Week34 mini | C606: EPT 8w ago | D606: vendor | G606: 468408 | H606: Restaurant | I606: Barracuda Seafood | J606: 21.3 | K606: -0.3906 | L606: 13 | M606: -8.3
A607: 46255 | B607: Week34 mini | C607: AWT0 reduction | D607: vendor | G607: 283501 | H607: Restaurant | I607: Barí Sushi | J607: 25.5 | K607: -0.1643 | L607: 21.3 | M607: -4.2
A608: 46255 | B608: Week34 mini | C608: EPT 8w ago | D608: vendor | G608: 620078 | H608: Restaurant | I608: Bendito Pollo Ii | J608: 16.9 | K608: -0.2319 | L608: 13 | M608: -3.9
A609: 46255 | B609: Week34 mini | C609: AWT0 reduction | D609: vendor | G609: 515510 | H609: Restaurant | I609: Better Sushi - Lo Prado | J609: 17.5 | K609: -0.2731 | L609: 12.7 | M609: -4.8
A610: 46255 | B610: Week34 mini | C610: AWT0 reduction | D610: vendor | G610: 506942 | H610: Restaurant | I610: Bloom Nikkei Bar | J610: 21.7 | K610: -0.2892 | L610: 15.4 | M610: -6.3
A611: 46255 | B611: Week34 mini | C611: FIR last week | D611: vendor | G611: 530738 | H611: Restaurant | I611: Bodegón De Lima - Open Kennedy | J611: 13 | K611: -0.4615 | L611: 7 | M611: -6
A612: 46255 | B612: Week34 mini | C612: AWT0 reduction | D612: vendor | G612: 533624 | H612: Restaurant | I612: Bona - Cookies And Bread | J612: 9.4 | K612: -0.4654 | L612: 5 | M612: -4.4
A613: 46255 | B613: Week34 mini | C613: FIR last week | D613: vendor | G613: 552405 | H613: Restaurant | I613: Borde Sushi Y Nikkei - Castro | J613: 23.9 | K613: -0.4181 | L613: 13.9 | M613: -10
A614: 46255 | B614: Week34 mini | C614: AWT0 reduction | D614: vendor | G614: 547931 | H614: Drinks | I614: Botilleria Mr Bot - Angulo | J614: 9.4 | K614: -0.4657 | L614: 5 | M614: -4.4
... A620: 46255 | B620: Week34 mini | C620: High preptime | FIR vertical-cuisine | D620: vendor | G620: 396733 | H620: Restaurant | I620: Burger Club - Villa Alemana | J620: 24 | K620: -0.4079 | L620: 14.2 | M620: -9.8
A621: 46255 | B621: Week34 mini | C621: AWT0 reduction | D621: vendor | G621: 353162 | H621: Restaurant | I621: Burger Diplomatico | L621: 18.9
A622: 46255 | B622: Week34 mini | C622: AWT0 reduction | D622: vendor | G622: 552106 | H622: Restaurant | I622: Burger Express - Curico | J622: 17 | K622: -0.3 | L622: 11.9 | M622: -5.1
A623: 46255 | B623: Week34 mini | C623: AWT0 reduction | D623: vendor | G623: 551950 | H623: Restaurant | I623: Burger Express - Santa Cruz | L623: 12.6
A624: 46255 | B624: Week34 mini | C624: High preptime | FIR vertical-cuisine | D624: vendor | G624: 472567 | H624: Restaurant | I624: Cachapas Y Empanadas By The Game | J624: 22.2 | K624: -0.3906 | L624: 13.6 | M624: -8.7
A625: 46255 | B625: Week34 mini | C625: AWT0 reduction | D625: vendor | G625: 476886 | H625: Restaurant | I625: Cafeteria Coffee&play | J625: 10.7 | K625: -0.5313 | L625: 5 | M625: -5.7
A626: 46255 | B626: Week34 mini | C626: AWT0 reduction | D626: vendor | G626: 255878 | H626: Restaurant | I626: Cafeteria Incafe | J626: 9 | K626: -0.4444 | L626: 5 | M626: -4
...

Sheet descripciones
A1: Wave | B1: Descripción
A2: W1 | B2: Reducción de tiempos según competencia contra Uber en Degasa
A3: W2 | B3: Reducción según median franchise a tiers 0-5 FIR, batch 1
A4: W3 | B4: Reducción según median franchise a tiers 0-5 FIR, batch 2
A5: W4 | B5: Reducción según median franchise a tiers 0-5 FIR, batch 3
A6: W5 | B6: Reducción a tiers 5-40 FIR, all batches
A7: W6 | B7: Reducciones a ecommerce targeteado por franchise - newept: oxxo, ahumada, doña carne
A8: W7 | B8: full KFC
A9: W8 | B9: Reducción según median franchise a tiers 0-50 FIR
A10: W9 | B10: Reducciones a ecommerce targeteado por franchise - newept: El Carnicero, Petrobras, Botillería Moscú
A11: W10 | B11: Cambios según tiempo fijo asignado por mcdonalds chicken-postres-general
A12: W11 | B12: Ajuste según competencia contra Uber en KFC
A13: W12 | B13: Cambios según tiempo fijo asignado por mcdonalds chicken-postres-general

Sheet recurrentes
A1: vendor_code | B1: waves_con_ajuste | C1: criterios_distintos | D1: cambio_criterio | E1: Week32 | F1: Week34 | G1: Week36
A2: 499126 | B2: 3 | C2: 1 | D2: No | E2: Median Franchise-Grade | F2: Median Franchise-Grade | G2: Median Franchise-Grade
A3: 11523 | B3: 2 | C3: 2 | D3: Sí | E3: — | F3: Median Franchise-Grade | G3: AWT0 reduction
A4: 133741 | B4: 2 | C4: 2 | D4: Sí | E4: EPT 8w ago | F4: — | G4: AWT0 reduction
A5: 133752 | B5: 2 | C5: 2 | D5: Sí | E5: EPT 8w ago | F5: — | G5: AWT0 reduction
A6: 157529 | B6: 2 | C6: 2 | D6: Sí | E6: EPT 8w ago | F6: — | G6: High preptime | FIR vertical-cuisine
A7: 205374 | B7: 2 | C7: 2 | D7: Sí | E7: EPT 8w ago | F7: Median Franchise-Grade | G7: —
A8: 264655 | B8: 2 | C8: 2 | D8: Sí | E8: Median Franchise-Grade | F8: — | G8: High preptime | FIR vertical-cuisine
A9: 319541 | B9: 2 | C9: 2 | D9: Sí | E9: — | F9: Median Franchise-Grade | G9: AWT0 reduction
A10: 355349 | B10: 2 | C10: 2 | D10: Sí | E10: EPT 8w ago | F10: — | G10: AWT0 reduction
A11: 388534 | B11: 2 | C11: 2 | D11: Sí | E11: Median Franchise-Grade | F11: — | G11: AWT0 reduction
A12: 397664 | B12: 2 | C12: 2 | D12: Sí | E12: Median Franchise-Grade | F12: — | G12: AWT0 reduction
A13: 402487 | B13: 2 | C13: 2 | D13: Sí | E13: EPT 8w ago | F13: — | G13: High preptime | FIR vertical-cuisine
... A59: 68595 | B59: 2 | C59: 1 | D59: No | E59: Median Franchise-Grade | F59: — | G59: Median Franchise-Grade

Sheet waves
A1: wave | B1: start_date | C1: franchise_name | D1: vendor_code | E1: store_name | F1: ept_old | G1: reduction | H1: ept_new | I1: diff | J1: flag
A2: W11 | B2: 2026-08-10 | C2: KFC | D2: 130023 | E2: KFC Curicó | F2: 13.3394 | G2: 0.6004318 | H2: 5.33 | I2: 8.0094
A3: W11 | B3: 2026-08-10 | C3: KFC | D3: 133550 | E3: KFC Intermodal | F3: 12.6188 | G3: 0.39376169 | H3: 7.65 | I3: 4.9688
A4: W11 | B4: 2026-08-10 | C4: KFC | D4: 135152 | E4: KFC Mall Del Centro Concepción | F4: 10.2868 | G4: 0.31757203 | H4: 7.02 | I4: 3.2668
A5: W11 | B5: 2026-08-10 | C5: KFC | D5: 140568 | E5: KFC Iquique | F5: 21.8302 | G5: 0.41961136 | H5: 12.67 | I5: 9.1602
A6: W11 | B6: 2026-08-10 | C6: KFC | D6: 153603 | E6: KFC Apumanque | F6: 11.3131 | G6: 0.35915001 | H6: 7.25 | I6: 4.0631
A7: W11 | B7: 2026-08-10 | C7: KFC | D7: 161063 | E7: KFC Chillán | H7: 17.62
A8: W11 | B8: 2026-08-10 | C8: KFC | D8: 161830 | E8: KFC San Bernardo | F8: 14.2577 | G8: 0.30353423 | H8: 9.93 | I8: 4.3277
A9: W11 | B9: 2026-08-10 | C9: KFC | D9: 166897 | E9: KFC Alto Las Condes | F9: 12.2226 | G9: 0.44938066 | H9: 6.73 | I9: 5.4926
A10: W11 | B10: 2026-08-10 | C10: KFC | D10: 181314 | E10: KFC Paseo Estacion | F10: 15.3708 | G10: 0.6701538 | H10: 5.07 | I10: 10.3008
A11: W11 | B11: 2026-08-10 | C11: KFC | D11: 186506 | E11: KFC Portal Ñuñoa | F11: 12.5318 | G11: 0.57069216 | H11: 5.38 | I11: 7.1518
A12: W11 | B12: 2026-08-10 | C12: KFC | D12: 189409 | E12: KFC Mall Arauco Quilicura | F12: 10.8463 | G12: 0.47908503 | H12: 5.65 | I12: 5.1963
A13: W11 | B13: 2026-08-10 | C13: KFC | D13: 225789 | E13: KFC Plaza Puente Alto | F13: 15.2195 | G13: 0.32980716 | H13: 10.2 | I13: 5.0195
A14: W11 | B14: 2026-08-10 | C14: KFC | D14: 234339 | E14: KFC Quillota | F14: 17.1867 | G14: 0.62354611 | H14: 6.47 | I14: 10.7167
A15: W11 | B15: 2026-08-10 | C15: KFC | D15: 272684 | E15: KFC Pedro Fontova | F15: 16.8013 | G15: 0.26196187 | H15: 12.4 | I15: 4.4013
A16: W11 | B16: 2026-08-10 | C16: KFC | D16: 308071 | E16: KFC Epacio Urbano Antofagasta | F16: 14.6153 | G16: 0.42320719 | H16: 8.43 | I16: 6.1853
A17: W11 | B17: 2026-08-10 | C17: KFC | D17: 311955 | E17: KFC Angamos | F17: 20.8704 | G17: 0.64782659 | H17: 7.35 | I17: 13.5204
A18: W11 | B18: 2026-08-10 | C18: KFC | D18: 38753 | E18: KFC Vicuña Mackenna | F18: 16.3008 | G18: 0.31782489 | H18: 11.12 | I18: 5.1808
A19: W11 | B19: 2026-08-10 | C19: KFC | D19: 38755 | E19: KFC Peñalolén | F19: 15.3577 | G19: 0.47257727 | H19: 8.1 | I19: 7.2577
... A43: W11 | B43: 2026-08-10 | C43: KFC | D43: 592065 | E43: KFC Valdivia Picarte | F43: 19.6737 | G43: 0.52576282 | H43: 9.33 | I43: 10.3437
A44: Week34 | B44: 46251 | C44: Montalbano | D44: 100004 | E44: Schopdog Calama | F44: 17.6456 | G44: 0.5006 | H44: 8.8119 | I44: 8.8337 | J44: FIR last week
A45: Week34 | B45: 46251 | D45: 100697 | E45: Food Center - Churrascos & Sandwiches | F45: 16.5841 | G45: 0.5313 | H45: 7.7733 | I45: 8.8108 | J45: EPT 8w ago
A46: Week34 | B46: 46251 | C46: Tarragona | D46: 101354 | E46: Tarragona Jumbo Puente Alto | F46: 13.378 | G46: 0.6403 | H46: 4.8121 | I46: 8.5658 | J46: FIR last week
A47: Week34 | B47: 46251 | C47: Tarragona | D47: 101365 | E47: Tarragona Mall Plaza Oeste | F47: 18.1357 | G47: 0.5844 | H47: 7.5373 | I47: 10.5984 | J47: Median Franchise-Grade
A48: Week34 | B48: 46251 | C48: Alemán Experto | D48: 102287 | E48: Aleman Experto - Pedro De Valdivia | F48: 22.7908 | G48: 0.5243 | H48: 10.8425 | I48: 11.9484 | J48: Median Franchise-Grade
A49: Week34 | B49: 46251 | C49: Tarragona | D49: 106869 | E49: Tarragona Mall Plaza Norte | F49: 21.9325 | G49: 0.6262 | H49: 8.1991 | I49: 13.7334 | J49: Median Franchise-Grade
A50: Week34 | B50: 46251 | C50: Rocoto | D50: 11523 | E50: Rocoto Las Condes | F50: 17.1388 | G50: 0.5522 | H50: 7.6749 | I50: 9.4639 | J50: Median Franchise-Grade
A51: Week34 | B51: 46251 | C51: Churromania | D51: 115870 | E51: Churromanía - Estación Central | F51: 16.665 | G51: 0.4752 | H51: 8.7454 | I51: 7.9196 | J51: Median Franchise-Grade
A52: Week34 | B52: 46251 | C52: Subway | D52: 119308 | E52: Subway Huelen | F52: 17.4112 | G52: 0.6269 | H52: 6.4959 | I52: 10.9153 | J52: Median Franchise-Grade
A53: Week34 | B53: 46251 | D53: 120974 | E53: Pizza Ninfa La Serena | F53: 33.0372 | G53: 0.3915 | H53: 20.104 | I53: 12.9332 | J53: AWT0 reduction
A54: Week34 | B54: 46251 | D54: 127845 | E54: Caracas Burger By El Arepazo | F54: 24.6059 | G54: 0.5483 | H54: 11.1133 | I54: 13.4926 | J54: High preptime | FIR vertical-cuisine
A55: Week34 | B55: 46251 | C55: Tommy Beans | D55: 128638 | E55: Tommy Beans Rancagua Mall | F55: 18.5483 | G55: 0.4528 | H55: 10.1498 | I55: 8.3985 | J55: Median Franchise-Grade
A56: Week34 | B56: 46251 | C56: Doggis | D56: 128884 | E56: Doggis Mall Plaza Maule | F56: 17.3238 | G56: 0.4517 | H56: 9.4986 | I56: 7.8252 | J56: Median Franchise-Grade
A57: Week34 | B57: 46251 | C57: Papa John's | D57: 133584 | E57: Papa Johns Pizza - Los Notros | F57: 31.4623 | G57: 0.3786 | H57: 19.5503 | I57: 11.912 | J57: Median Franchise-Grade
A58: Week34 | B58: 46251 | C58: Papa John's | D58: 133585 | E58: Papa Johns Pizza - Puerto Montt Ibañez | F58: 23.6951 | G58: 0.4205 | H58: 13.7322 | I58: 9.9629 | J58: Median Franchise-Grade
A59: Week34 | B59: 46251 | C59: Papa John's | D59: 133605 | E59: Papa Johns Pizza - Cuatro Poniente | F59: 26.0876 | G59: 0.5085 | H59: 12.8221 | I59: 13.2655 | J59: Median Franchise-Grade
A60: Week34 | B60: 46251 | C60: Papa John's | D60: 133625 | E60: Papa Johns Pizza - San Bernardo | F60: 28.2183 | G60: 0.4016 | H60: 16.8855 | I60: 11.3328 | J60: Median Franchise-Grade
A61: Week34 | B61: 46251 | C61: Papa John's | D61: 134139 | E61: Papa John's Pizza - Villa Alemana | F61: 26.8105 | G61: 0.3977 | H61: 16.1489 | I61: 10.6615 | J61: Median Franchise-Grade
A62: Week34 | B62: 46251 | C62: Doggis | D62: 137518 | E62: Doggis Lider San Joaquín | F62: 28.5169 | G62: 0.6736 | H62: 9.3076 | I62: 19.2093 | J62: Median Franchise-Grade
A63: Week34 | B63: 46251 | C63: Dunkin Donuts | D63: 139902 | E63: Dunkin' Espacio Urbano Maipú | F63: 14.8875 | G63: 0.5304 | H63: 6.9907 | I63: 7.8969 | J63: Median Franchise-Grade
A64: Week34 | B64: 46251 | C64: Tarragona | D64: 139914 | E64: Tarragona San Pablo | F64: 15.3593 | G64: 0.5108 | H64: 7.5137 | I64: 7.8456 | J64: Median Franchise-Grade
A65: Week34 | B65: 46251 | C65: Itacate - LATAM | D65: 139922 | E65: Itacate Burritos - Ciudad Satélite | F65: 28.3436 | G65: 0.4695 | H65: 15.0373 | I65: 13.3063 | J65: High preptime | FIR vertical-cuisine
A66: Week34 | B66: 46251 | C66: KFC | D66: 140569 | E66: KFC Arica | F66: 17.2333 | G66: 0.498 | H66: 8.6518 | I66: 8.5815 | J66: EPT 8w ago
... A76: Week34 | B76: 46251 | C76: Café Cassis | D76: 152400 | E76: Cassis Los Angeles Av. Alemania | F76: 17.8855 | G76: 0.5712 | H76: 7.6695 | I76: 10.216 | J76: Median Franchise-Grade
A77: Week34 | B77: 46251 | D77: 160176 | E77: Gohan Valdivia | F77: 21.3511 | G77: 0.3507 | H77: 13.863 | I77: 7.4881 | J77: AWT0 reduction
A78: Week34 | B78: 46251 | C78: Melt Pizzas | D78: 160248 | E78: Melt Pizzas - Portugal | F78: 31.8962 | G78: 0.3768 | H78: 19.8766 | I78: 12.0196 | J78: FIR last week
A79: Week34 | B79: 46251 | C79: Melt Pizzas | D79: 160249 | E79: Melt Pizzas - El Bosque | F79: 24.7592 | G79: 0.4235 | H79: 14.2741 | I79: 10.4851 | J79: Median Franchise-Grade
A80: Week34 | B80: 46251 | D80: 170841 | E80: Okey Sushi | F80: 29.0741 | G80: 0.4495 | H80: 16.0053 | I80: 13.0688 | J80: AWT0 reduction
A81: Week34 | B81: 46251 | C81: Daruma Sushi | D81: 172457 | E81: Daruma Sushi Norte | F81: 37.4065 | G81: 0.4845 | H81: 19.2827 | I81: 18.1238 | J81: High preptime | FIR vertical-cuisine
A82: Week34 | B82: 46251 | C82: Melt Pizzas | D82: 172842 | E82: Melt Pizzas - El Llano | F82: 34.1391 | G82: 0.4968 | H82: 17.1803 | I82: 16.9588 | J82: Median Franchise-Grade
A83: Week34 | B83: 46251 | C83: Doggis | D83: 176943 | E83: Doggis Mall Plaza La Serena | F83: 23.2051 | G83: 0.5705 | H83: 9.9668 | I83: 13.2383 | J83: Median Franchise-Grade
A84: Week34 | B84: 46251 | D84: 182109 | E84: Miso Nikkei | F84: 31.5322 | G84: 0.3944 | H84: 19.0948 | I84: 12.4374 | J84: High preptime | FIR vertical-cuisine
A85: Week34 | B85: 46251 | C85: Montalbano | D85: 183636 | E85: Schopdog - Temuco | F85: 22.1379 | G85: 0.6147 | H85: 8.5298 | I85: 13.6081 | J85: FIR last week
A86: Week34 | B86: 46251 | C86: Tarragona | D86: 194185 | E86: Tarragona Arauco Quilicura | F86: 15.0543 | G86: 0.5127 | H86: 7.336 | I86: 7.7183 | J86: Median Franchise-Grade
A87: Week34 | B87: 46251 | C87: Burger King | D87: 204005 | E87: Burger King® - San Martín | F87: 19.0677 | G87: 0.4271 | H87: 10.9233 | I87: 8.1445 | J87: Median Franchise-Grade
A88: Week34 | B88: 46251 | D88: 204405 | E88: Bombo Tiki House | F88: 12.4196 | G88: 0.5828 | H88: 5.181 | I88: 7.2386 | J88: FIR last week
A89: Week34 | B89: 46251 | C89: Little Caesar's | D89: 205345 | E89: Little Caesars Pizza Huinganal | F89: 20.3101 | G89: 0.4741 | H89: 10.6805 | I89: 9.6296 | J89: Median Franchise-Grade
A90: Week34 | B90: 46251 | C90: Little Caesar's | D90: 205374 | E90: Little Caesars Pizza Alameda | F90: 18.9349 | G90: 0.5364 | H90: 8.7787 | I90: 10.1562 | J90: Median Franchise-Grade
A91: Week34 | B91: 46251 | C91: Jirén Sushi | D91: 222103 | E91: Jirén Sushi Valparaíso | F91: 27.0717 | G91: 0.3891 | H91: 16.5368 | I91: 10.5348 | J91: Median Franchise-Grade
A92: Week34 | B92: 46251 | C92: Churromania | D92: 222913 | E92: Churromanía - Maipú | F92: 18.9657 | G92: 0.5303 | H92: 8.9077 | I92: 10.0579 | J92: Median Franchise-Grade
A93: Week34 | B93: 46251 | C93: Local hero CL | D93: 228335 | E93: Shine Sushi Iquique | F93: 21.5746 | G93: 0.553 | H93: 9.6448 | I93: 11.9299 | J93: Median Franchise-Grade
A94: Week34 | B94: 46251 | C94: Little Caesar's | D94: 262376 | E94: Little Caesars Pizza Pajaritos | F94: 17.6982 | G94: 0.5291 | H94: 8.3334 | I94: 9.3648 | J94: Median Franchise-Grade
A95: Week34 | B95: 46251 | C95: Wing It - LATAM | D95: 263454 | E95: Wing It! - Puerto Montt I | F95: 25.9849 | G95: 0.5404 | H95: 11.943 | I95: 14.0418 | J95: Median Franchise-Grade
A96: Week34 | B96: 46251 | C96: Papa John's | D96: 264652 | E96: Papa John's Pizza - Linares | F96: 26.0522 | G96: 0.3652 | H96: 16.539 | I96: 9.5132 | J96: Median Franchise-Grade
A97: Week34 | B97: 46251 | C97: Papa John's | D97: 264653 | E97: Papa John's Pizza - Chiguayante | F97: 25.0297 | G97: 0.4412 | H97: 13.9874 | I97: 11.0423 | J97: Median Franchise-Grade
A98: Week34 | B98: 46251 | C98: Itacate - LATAM | D98: 264960 | E98: Itacate - Puerto Montt I | F98: 30.405 | G98: 0.374 | H98: 19.0343 | I98: 11.3707 | J98: Median Franchise-Grade
A99: Week34 | B99: 46251 | D99: 277456 | E99: Cioccolata Playa Brava | F99: 14.9036 | G99: 0.4685 | H99: 7.9217 | I99: 6.9819 | J99: EPT 8w ago
A100: Week34 | B100: 46251 | C100: Papa John's | D100: 282865 | E100: Papa Johns Pizza - Alto Hospicio | F100: 26.9924 | G100: 0.4191 | H100: 15.6812 | I100: 11.3112 | J100: Median Franchise-Grade
A101: Week34 | B101: 46251 | C101: Papa John's | D101: 282867 | E101: Papa Johns Pizza - Ovalle | F101: 30.3647 | G101: 0.4687 | H101: 16.134 | I101: 14.2307 | J101: Median Franchise-Grade
A102: Week34 | B102: 46251 | C102: KFC | D102: 299049 | E102: KFC Mall La Portada | F102: 19.4903 | G102: 0.4897 | H102: 9.9459 | I102: 9.5444 | J102: Median Franchise-Grade
A103: Week34 | B103: 46251 | D103: 307148 | E103: Royal Ranch Sur | F103: 32.5353 | G103: 0.5717 | H103: 13.9361 | I103: 18.5992 | J103: High preptime | FIR vertical-cuisine
A104: Week34 | B104: 46251 | C104: Papa John's | D104: 307269 | E104: Papa Johns Pizza - Concon Norte | F104: 23.0455 | G104: 0.4336 | H104: 13.0529 | I104: 9.9926 | J104: Median Franchise-Grade
A105: Week34 | B105: 46251 | C105: Melt Pizzas | D105: 309089 | E105: Melt Pizzas - Temuco | F105: 33.1915 | G105: 0.3452 | H105: 21.7337 | I105: 11.4578 | J105: Median Franchise-Grade
A106: Week34 | B106: 46251 | C106: Melt Pizzas | D106: 313536 | E106: Melt Pizza - Midmall Maipú | F106: 28.19 | G106: 0.4683 | H106: 14.9875 | I106: 13.2025 | J106: FIR last week
A107: Week34 | B107: 46251 | C107: Little Caesar's | D107: 313789 | E107: Little Caesars Pizza La Reina | F107: 21.1231 | G107: 0.4997 | H107: 10.567 | I107: 10.556 | J107: Median Franchise-Grade
A108: Week34 | B108: 46251 | C108: Buffalo Waffles | D108: 315994 | E108: Buffalo Waffles Espacio Urbano Antofagasta | F108: 17.0797 | G108: 0.5305 | H108: 8.0181 | I108: 9.0616 | J108: Median Franchise-Grade
A109: Week34 | B109: 46251 | C109: Papa John's | D109: 316068 | E109: Papa Johns Pizza - Iquique Centro | F109: 30.8851 | G109: 0.365 | H109: 19.6111 | I109: 11.274 | J109: Median Franchise-Grade
A110: Week34 | B110: 46251 | C110: Papa John's | D110: 319541 | E110: Papa Johns Pizza - San Antonio | F110: 23.6119 | G110: 0.4498 | H110: 12.9917 | I110: 10.6202 | J110: Median Franchise-Grade
A111: Week34 | B111: 46251 | C111: Papa John's | D111: 319597 | E111: Papa Johns Pizza - Parque Arauco | F111: 20.1598 | G111: 0.4422 | H111: 11.2451 | I111: 8.9146 | J111: Median Franchise-Grade
A112: Week34 | B112: 46251 | C112: Wendy's | D112: 325354 | E112: Wendy's Arauco Estacion | F112: 24.9357 | G112: 0.5552 | H112: 11.0919 | I112: 13.8438 | J112: High preptime | FIR vertical-cuisine
A113: Week34 | B113: 46251 | D113: 327489 | E113: La Barra De La Serena | F113: 16.1236 | G113: 0.7212 | H113: 4.4948 | I113: 11.6288 | J113: FIR last week
A114: Week34 | B114: 46251 | C114: Tarragona | D114: 334534 | E114: Tarragona Mall Paseo Quilpué | F114: 17.3172 | G114: 0.5797 | H114: 7.2791 | I114: 10.0382 | J114: FIR last week
A115: Week34 | B115: 46251 | C115: KFC | D115: 335169 | E115: KFC Plaza Maipú 2 | F115: 16.9993 | G115: 0.6466 | H115: 6.0083 | I115: 10.9909 | J115: Median Franchise-Grade
A116: Week34 | B116: 46251 | C116: Jirén Sushi | D116: 337620 | E116: Jiren Sushi Viña | F116: 29.7921 | G116: 0.462 | H116: 16.0284 | I116: 13.7637 | J116: Median Franchise-Grade
A117: Week34 | B117: 46251 | C117: Papa John's | D117: 352620 | E117: Papa Johns Pizza - Talagante | F117: 22.2225 | G117: 0.4884 | H117: 11.368 | I117: 10.8546 | J117: Median Franchise-Grade
A118: Week34 | B118: 46251 | C118: Melt Pizzas | D118: 354027 | E118: Melt Pizzas - Talca Las Rastras | F118: 32.1953 | G118: 0.4374 | H118: 18.1132 | I118: 14.0821 | J118: FIR last week
A119: Week34 | B119: 46251 | D119: 361954 | E119: Verdulería El Fénix - Ex Panchito | F119: 41.0398 | G119: 0.7657 | H119: 9.616 | I119: 31.4238 | J119: High preptime | FIR vertical-cuisine
A120: Week34 | B120: 46251 | D120: 364058 | E120: Star Burger. | F120: 31.0714 | G120: 0.6281 | H120: 11.5544 | I120: 19.5171 | J120: High preptime | FIR vertical-cuisine
A121: Week34 | B121: 46251 | C121: Itacate - LATAM | D121: 374879 | E121: Itacate Burritos - Maipú El Carmen | F121: 30.8159 | G121: 0.5509 | H121: 13.8381 | I121: 16.9778 | J121: High preptime | FIR vertical-cuisine
A122: Week34 | B122: 46251 | C122: Poked - LATAM | D122: 375826 | E122: Poked - Ñuñoa. | F122: 29.9874 | G122: 0.567 | H122: 12.9853 | I122: 17.0021 | J122: Median Franchise-Grade
A123: Week34 | B123: 46251 | D123: 378810 | E123: Sushi San 828 | F123: 37.6916 | G123: 0.5018 | H123: 18.779 | I123: 18.9126 | J123: High preptime | FIR vertical-cuisine
A124: Week34 | B124: 46251 | C124: Burger King | D124: 380097 | E124: Burger King® - Los Angeles | F124: 19.8359 | G124: 0.4548 | H124: 10.8139 | I124: 9.022 | J124: Median Franchise-Grade
A125: Week34 | B125: 46251 | C125: KFC | D125: 38752 | E125: KFC Puente Alto | F125: 18.5589 | G125: 0.6953 | H125: 5.654 | I125: 12.9048 | J125: Median Franchise-Grade
A126: Week34 | B126: 46251 | C126: Carnitas | D126: 389824 | E126: Carnitas Santiago Centro | F126: 26.2184 | G126: 0.3693 | H126: 16.5347 | I126: 9.6837 | J126: Median Franchise-Grade
A127: Week34 | B127: 46251 | C127: Dunkin Donuts | D127: 401741 | E127: Dunkin Mall Zofri | F127: 14.6589 | G127: 0.5452 | H127: 6.6669 | I127: 7.9921 | J127: Median Franchise-Grade
A128: Week34 | B128: 46251 | C128: Churromania | D128: 407962 | E128: Churromania Santa Isabel | F128: 23.2035 | G128: 0.4942 | H128: 11.7364 | I128: 11.4672 | J128: Median Franchise-Grade
A129: Week34 | B129: 46251 | C129: Subway | D129: 42007 | E129: Subway Los Leones | F129: 18.4733 | G129: 0.6659 | H129: 6.1725 | I129: 12.3009 | J129: Median Franchise-Grade
A130: Week34 | B130: 46251 | C130: Itacate - LATAM | D130: 423514 | E130: Itacate Burritos - Ñuñoa | F130: 32.43 | G130: 0.5298 | H130: 15.2472 | I130: 17.1828 | J130: High preptime | FIR vertical-cuisine
A131: Week34 | B131: 46251 | C131: KFC | D131: 42452 | E131: KFC General Velásquez | F131: 18.4878 | G131: 0.4758 | H131: 9.692 | I131: 8.7958 | J131: EPT 8w ago
A132: Week34 | B132: 46251 | C132: Tarragona | D132: 425859 | E132: Tarragona - Pedro De Valdivia | F132: 15.7312 | G132: 0.5689 | H132: 6.7814 | I132: 8.9497 | J132: FIR last week
...

Sheet manuales - backup
A1: franchise_id | B1: franchise_name | C1: vendor_code | D1: store_name | E1: ept_old | F1: ept_new | G1: modified_at
C2: 625929 | D2: Drift Sushi -- | F2: 35 | G2: 46225
C3: 177418 | D3: Randys Burger Oriente | F3: 13 | G3: 46225
C4: 418601 | D4: Asire Sushi | F4: 18 | G4: 46225
C5: 612209 | D5: Oleilú | F5: 20 | G5: 46225
C6: 595378 | D6: Galletrin | F6: 13 | G6: 46225
C7: 606444 | D7: Sbarro Pizza Plaza Egaña | F7: 12 | G7: 46225
C8: 606522 | D8: Sbarro Pizza Mall Plaza Norte | F8: 19 | G8: 46225
C9: 606406 | D9: Sbarro Pizza Costanera | F9: 15 | G9: 46225
C10: 613341 | D10: Vickingo | F10: 20 | G10: 46225
C11: 299049 | D11: KFC Mall La Portada | F11: 10 | G11: 46231
C12: 286542 | D12: Mi Delizie Sur Sushi | F12: 25 | G12: 46231
C13: 307148 | D13: Royal Ranch Sur | F13: 20 | G13: 46231
... C15: 592298 | D15: Macaix Acai Bowls - Temuco | F15: 10 | G15: 46231
C16: 596701 | F16: 12 | G16: 46233
A17: 0016900002dYyMCAA0 | B17: Botillería Moscú | F17: 5 | G17: 46233
A18: 0011r00002VoI36AAF | B18: Petrobras | F18: 5 | G18: 46233
A19: 0016900002f9pCnAAI | B19: El Carnicero | F19: 10 | G19: 46233
A20: 0016900002dYycoAAC | B20: Pet Perro Loco | F20: 5 | G20: 46233
C21: 161938 | D21: Dulce Cafe Coronel | E21: 10.5 | F21: 15 | G21: 46239.708
C22: 161947 | D22: Dulce Cafe Lagunillas | E22: 13.1244 | F22: 15 | G22: 46239.708
C23: 493016 | D23: La Fontana Pastas | E23: 31.1923 | F23: 15 | G23: 46239.708
C24: 563357 | D24: My Pizza -- | E24: 19 | F24: 10 | G24: 46239.708
C25: 608793 | D25: Factory Arica | E25: 10.67 | F25: 25 | G25: 46239.708
C26: 627568 | D26: Farmacia Roraima Santiago Centro | E26: 6 | F26: 12 | G26: 46239.708
C27: 630868 | D27: Plaza Terraza | E27: 14.2736 | F27: 17 | G27: 46239.708
C28: 631065 | D28: Kata Bar & Resto | E28: 14 | F28: 25 | G28: 46239.708
A29: 0011r00002VoHw2AAF | B29: KFC | C29: 325098 | D29: KFC -- | E29: 9.9734 | F29: 14 | G29: 46241.682
A30: 0011r00002VoHw2AAF | B30: KFC | C30: 521865 | D30: KFC Alameda Uc -- | E30: 12.5 | F30: 14 | G30: 46241.682
A31: 0011r00002VoHw2AAF | B31: KFC | C31: 522177 | D31: KFC Alto Las Condes -- | E31: 17 | F31: 14 | G31: 46241.682
A32: 0011r00002VoHw2AAF | B32: KFC | C32: 522175 | D32: KFC Angamos -- | E32: 20.1816 | F32: 14 | G32: 46241.682
A33: 0011r00002VoHw2AAF | B33: KFC | C33: 522158 | D33: KFC Arauco El Bosque -- | E33: 18.8909 | F33: 14 | G33: 46241.682
A34: 0011r00002VoHw2AAF | B34: KFC | C34: 522191 | D34: KFC Arica Centro -- | E34: 19 | F34: 14 | G34: 46241.682
A35: 0011r00002VoHw2AAF | B35: KFC | C35: 563239 | D35: KFC Av Alemania -- | E35: 10.1955 | F35: 14 | G35: 46241.682
A36: 0011r00002VoHw2AAF | B36: KFC | C36: 522137 | D36: KFC Balmaceda La Serena -- | E36: 8 | F36: 14 | G36: 46241.682
A37: 0011r00002VoHw2AAF | B37: KFC | C37: 522108 | D37: KFC Buenaventura -- | E37: 9 | F37: 14 | G37: 46241.682
A38: 0011r00002VoHw2AAF | B38: KFC | C38: 522145 | D38: KFC Calama -- | E38: 20.021 | F38: 14 | G38: 46241.682
A39: 0011r00002VoHw2AAF | B39: KFC | C39: 522139 | D39: KFC Centro Buin -- | E39: 10.1033 | F39: 14 | G39: 46241.682
A40: 0011r00002VoHw2AAF | B40: KFC | C40: 522157 | D40: KFC Chamisero -- | E40: 11.6 | F40: 14 | G40: 46241.682
... A83: 0011r00002VoHw2AAF | B83: KFC | C83: 522152 | D83: KFC Mid Mall -- | E83: 14.3161 | F83: 14 | G83: 46241.682
A84: 0011r00002VoHw2AAF | B84: KFC | C84: 521861 | D84: KFC Montemar -- | F84: 14 | G84: 46241.682
A85: 0011r00002VoHw2AAF | B85: KFC | C85: 522134 | D85: KFC Munita -- | E85: 11.9272 | F85: 14 | G85: 46241.682
A86: 0011r00002VoHw2AAF | B86: KFC | C86: 521864 | D86: KFC Ovalle -- | E86: 27.8166 | F86: 14 | G86: 46241.682
A87: 0011r00002VoHw2AAF | B87: KFC | C87: 522109 | D87: KFC Paseo Del Puerto -- | E87: 7 | F87: 14 | G87: 46241.682
A88: 0011r00002VoHw2AAF | B88: KFC | C88: 522119 | D88: KFC Paseo Quilpue -- | E88: 11.7386 | F88: 14 | G88: 46241.682
A89: 0011r00002VoHw2AAF | B89: KFC | C89: 522126 | D89: KFC Paseo Ross -- | E89: 9.3333 | F89: 14 | G89: 46241.682
A90: 0011r00002VoHw2AAF | B90: KFC | C90: 575670 | D90: KFC Patio Copiapo -- | E90: 10.4063 | F90: 14 | G90: 46241.682
A91: 0011r00002VoHw2AAF | B91: KFC | C91: 522101 | D91: KFC Patio La Florida -- | E91: 21.5714 | F91: 14 | G91: 46241.682
A92: 0011r00002VoHw2AAF | B92: KFC | C92: 522099 | D92: KFC Patronato -- | E92: 36.3333 | F92: 14 | G92: 46241.682
A93: 0011r00002VoHw2AAF | B93: KFC | C93: 522123 | D93: KFC Pedro Fontova -- | E93: 9 | F93: 14 | G93: 46241.682
A94: 0011r00002VoHw2AAF | B94: KFC | C94: 569907 | D94: KFC Pionero -- | E94: 28.9828 | F94: 14 | G94: 46241.682
A95: 0011r00002VoHw2AAF | B95: KFC | C95: 521863 | D95: KFC Plaza Copiapo -- | E95: 7.6899 | F95: 14 | G95: 46241.682
A96: 0011r00002VoHw2AAF | B96: KFC | C96: 522091 | D96: KFC Plaza Maipú -- | E96: 6 | F96: 14 | G96: 46241.682
... A107: 0011r00002VoHw2AAF | B107: KFC | C107: 522107 | D107: KFC Quillota -- | E107: 10.5146 | F107: 14 | G107: 46241.682
A108: 0011r00002VoHw2AAF | B108: KFC | C108: 522115 | D108: KFC Quilpue -- | F108: 14 | G108: 46241.682
A109: 0011r00002VoHw2AAF | B109: KFC | C109: 522088 | D109: KFC Recoleta -- | E109: 12 | F109: 14 | G109: 46241.682
A110: 0011r00002VoHw2AAF | B110: KFC | C110: 522192 | D110: KFC Recova -- | E110: 13.3736 | F110: 14 | G110: 46241.682
A111: 0011r00002VoHw2AAF | B111: KFC | C111: 522112 | D111: KFC San Antonio -- | E111: 26.2282 | F111: 14 | G111: 46241.682
A112: 0011r00002VoHw2AAF | B112: KFC | C112: 522141 | D112: KFC San Bernardo Centro -- | E112: 12.4129 | F112: 14 | G112: 46241.682
A113: 0011r00002VoHw2AAF | B113: KFC | C113: 522083 | D113: KFC San Felipe -- | E113: 13.5146 | F113: 14 | G113: 46241.682
A114: 0011r00002VoHw2AAF | B114: KFC | C114: 522146 | D114: KFC San Fernando -- | E114: 10.8202 | F114: 14 | G114: 46241.682
A115: 0011r00002VoHw2AAF | B115: KFC | C115: 594935 | D115: KFC Santa Cruz -- | E115: 10.0145 | F115: 14 | G115: 46241.682
A116: 0011r00002VoHw2AAF | B116: KFC | C116: 522081 | D116: KFC Serrano Castro -- | E116: 12.35 | F116: 14 | G116: 46241.682
A117: 0011r00002VoHw2AAF | B117: KFC | C117: 522190 | D117: KFC Strip Patio El Morro -- | E117: 11.8742 | F117: 14 | G117: 46241.682
A118: 0011r00002VoHw2AAF | B118: KFC | C118: 525960 | D118: KFC Strip Patio Quilicura -- | E118: 9.4536 | F118: 14 | G118: 46241.682
A119: 0011r00002VoHw2AAF | B119: KFC | C119: 522096 | D119: KFC Talca -- | E119: 12.4592 | F119: 14 | G119: 46241.682
A120: 0011r00002VoHw2AAF | B120: KFC | C120: 522105 | D120: KFC Talca Plaza Maule -- | E120: 12.6895 | F120: 14 | G120: 46241.682
... A124: 0011r00002VoHw2AAF | B124: KFC | C124: 522153 | D124: KFC Valdivia -- | E124: 9 | F124: 14 | G124: 46241.682
A125: 0011r00002VoHw2AAF | B125: KFC | C125: 522095 | D125: KFC Vicuña Mackenna -- | F125: 14 | G125: 46241.682
A126: 0011r00002VoHw2AAF | B126: KFC | C126: 522136 | D126: KFC Viña Centro -- | E126: 19 | F126: 14 | G126: 46241.682
A127: 0011r00002VoHw2AAF | B127: KFC | C127: 522118 | D127: KFC Viña Outlet Park -- | E127: 11 | F127: 14 | G127: 46241.682
A128: 0011r00002VoHw2AAF | B128: KFC | C128: 522173 | D128: KFC Zofri -- | E128: 23.6951 | F128: 14 | G128: 46241.682
A129: 0011r00002VoHwCAAV | B129: Wendy's | C129: 548043 | D129: Wendy´s Aramco Antofagasta | E129: 32.5552 | F129: 18 | G129: 46241.682
C130: 588253 | D130: Delicias Quilicura | E130: 14.7139 | F130: 20 | G130: 46241.737
A131: 0011r00002VoHw4AAF | B131: McDonald's | C131: 62153 | D131: McDonald's Estación Central | E131: 1.0919 | F131: 10 | G131: 46247.415
A132: 0011r00002VoISxAAN | B132: Tarragona | C132: 568481 | D132: Tarragona - Mall Centro De Concepción | E132: 2.5105 | F132: 10 | G132: 46247.415
C133: 593458 | D133: China Huo | E133: 19.2 | F133: 24 | G133: 46247.752
C134: 627034 | D134: Farmacia Skol | E134: 6 | F134: 13 | G134: 46247.752
C135: 630028 | D135: Forno Di Famiglia -- | E135: 10 | F135: 20 | G135: 46247.752
C136: 629476 | D136: La Quinta Zona | E136: 13 | F136: 23 | G136: 46247.752
C137: 625586 | D137: Niflaot07 | E137: 8.0481 | F137: 11 | G137: 46247.752
A138: 0011r00002VoHwaAAF | B138: Wing It - LATAM | C138: 200873 | D138: Wing It! - Puerto Varas | E138: 7.6373 | F138: 11 | G138: 46247.752

Sheet sample
A1: Row | B1: order_sk | C1: country_code | D1: country. country_id | E1: country. country_code | F1: country. country_iso | G1: country. country_name | H1: country. country_name_dh | I1: region | J1: order_id | K1: platform_order_id | L1: platform_order_code | M1: peya_order_id | N1: peya_partner_id | O1: entity. id | P1: entity. display_name | Q1: entity. brand_id | R1: created_date | S1: created_at | T1: created_date_local | U1: created_at_local | V1: order_placed_at | W1: order_placed_at_local | X1: city. city_id | Y1: city. city_name | Z1: city. order_value_limit | AA1: zone. zone_id | AB1: zone. zone_name | AC1: zone. geo_id | AD1: zone. is_active | AE1: zone. has_default_delivery_area_settings | AF1: zone. created_at | AG1: zone. updated_at | AH1: zone. shape | AI1: zone. delivery_types | AJ1: zone. vehicle_types | AK1: zone. distance_cap | AL1: zone. area | AM1: zone. embedding_zone_ids | AN1: zone. is_embedded | AO1: timezone | AP1: is_preorder | AQ1: estimated_prep_time | AR1: estimated_prep_buffer | AS1: cod_change_for | AT1: cod_collect_at_dropoff | AU1: cod_pay_at_pickup | AV1: delivery_fee | AW1: dropoff_address_id | AX1: online_tip | AY1: vendor_accepted_at | AZ1: vendor_accepted_at_local | BA1: sent_to_vendor_at | BB1: sent_to_vendor_at_local | BC1: original_scheduled_pickup_at | BD1: original_scheduled_pickup_at_local | BE1: pickup_address_id | BF1: platform | BG1: promised_delivery_time | BH1: promised_delivery_time_local | BI1: updated_scheduled_pickup_at | BJ1: updated_scheduled_pickup_at_local | BK1: stacking_group | BL1: order_status | BM1: tags | BN1: order_value | BO1: capacity | BP1: vendor_order_number | BQ1: deliveries. delivery_sk | BR1: deliveries. delivery_id | BS1: deliveries. created_at | BT1: deliveries. is_primary | BU1: deliveries. is_returning | BV1: deliveries. is_redelivery | BW1: deliveries. rider_id | BX1: deliveries. city_id | BY1: deliveries. timezone | BZ1: deliveries. delivery_status | CA1: deliveries. delivery_reason | CB1: deliveries. delivery_distance | CC1: deliveries. rider_dispatched_at | CD1: deliveries. rider_notified_at | CE1: deliveries. rider_accepted_at | CF1: deliveries. rider_near_restaurant_at | CG1: deliveries. rider_picked_up_at | CH1: deliveries. rider_near_customer_at | CI1: deliveries. rider_dropped_off_at | CJ1: deliveries.auto_transition. pickup | CK1: deliveries.auto_transition. dropoff | CL1: deliveries. pickup | CM1: deliveries. dropoff | CN1: deliveries. accepted | CO1: deliveries. rider_starting_point_id | CP1: deliveries. pickup_distance_manhattan | CQ1: deliveries. pickup_distance_google | CR1: deliveries. pickup_distance_dte | CS1: deliveries. dropoff_distance_dte | CT1: deliveries.estimated_distance_and_time_dte. vehicle_type | CU1: deliveries.estimated_distance_and_time_dte. time | CV1: deliveries.estimated_distance_and_time_dte. distance | CW1: deliveries. dropoff_distance_manhattan | CX1: deliveries. dropoff_distance_google | CY1: deliveries.transitions. transition_sk | CZ1: deliveries.transitions. state | DA1: deliveries.transitions. rider_id | DB1: deliveries.transitions. auto_transition | DC1: deliveries.transitions. created_at | DD1: deliveries.transitions. GEOGRAPHY | DE1: deliveries.transitions. rider_starting_point_id | DF1: deliveries.transitions.actions. user_id | DG1: deliveries.transitions.actions. performed_by | DH1: deliveries.transitions.actions. reason | DI1: deliveries.transitions.actions. issue_type | DJ1: deliveries.transitions.actions. comment | DK1: deliveries.transitions. dispatch_type | DL1: deliveries.transitions. undispatch_type | DM1: deliveries.transitions. event_type | DN1: deliveries.transitions. update_reason | DO1: deliveries.transitions. estimated_pickup_arrival_at | DP1: deliveries.transitions. estimated_dropoff_arrival_at | DQ1: deliveries.transitions. latest | DR1: deliveries.transitions. first | DS1: deliveries.transitions. created_at_local | DT1: deliveries.transitions. estimated_pickup_arrival_at_local | DU1: deliveries.transitions. estimated_dropoff_arrival_at_local | DV1: deliveries.transitions. transition_notified | DW1: deliveries.transitions. transition_accepted | DX1: deliveries.vehicle. id | DY1: deliveries.vehicle. name | DZ1: deliveries.vehicle. profile | EA1: deliveries.vehicle. vehicle_bag | EB1: deliveries.vehicle. bag_name | EC1: deliveries. stacked_deliveries | ED1: deliveries. is_stacked | EE1: deliveries. is_stacked_intravendor | EF1: deliveries.stacked_deliveries_details. delivery_id | EG1: deliveries.timings. dispatching_time | EH1: deliveries.timings. rider_reaction_time | EI1: deliveries.timings. rider_accepting_time | EJ1: deliveries.timings. to_vendor_time | EK1: deliveries.timings. vendor_arriving_time | EL1: deliveries.timings. vendor_leaving_time | EM1: deliveries.timings. rider_late | EN1: deliveries.timings. vendor_late | EO1: deliveries.timings. assumed_actual_preparation_time | EP1: deliveries.timings. bag_time | EQ1: deliveries.timings. at_vendor_time | ER1: deliveries.timings. at_vendor_time_cleaned | ES1: deliveries.timings. to_customer_time | ET1: deliveries.timings. customer_walk_in_time | EU1: deliveries.timings. at_customer_time | EV1: deliveries.timings. customer_walk_out_time | EW1: deliveries.timings. actual_delivery_time | EX1: deliveries.timings. delivery_delay | EY1: deliveries. created_at_local | EZ1: deliveries. rider_dispatched_at_local | FA1: deliveries. rider_notified_at_local | FB1: deliveries. rider_accepted_at_local | FC1: deliveries. rider_near_restaurant_at_local | FD1: deliveries. rider_picked_up_at_local | FE1: deliveries. rider_near_customer_at_local | FF1: deliveries. rider_dropped_off_at_local | FG1: deliveries.inferred_shifts. shift_sk | FH1: deliveries.inferred_shifts. shift_id | FI1: deliveries.inferred_shifts. shift_start_at | FJ1: deliveries.inferred_shifts. shift_start_at_local | FK1: deliveries.inferred_shifts. shift_end_at | FL1: deliveries.inferred_shifts. shift_end_at_local | FM1: deliveries. delivery_completed | FN1: deliveries. delivery_cancelled | FO1: cancellation. source | FP1: cancellation. performed_by | FQ1: cancellation. reason | FR1: customer. location | FS1: vendor. id | FT1: vendor. vendor_code | FU1: vendor. name | FV1: vendor. walk_in_time | FW1: vendor. walk_out_time | FX1: vendor. location | FY1: vendor. vertical_type | FZ1: porygon. vehicle_profile | GA1: porygon. drive_time_value | GB1: porygon. active_vehicle_profile | GC1: timings. updated_prep_time | GD1: timings. hold_back_time | GE1: timings. vendor_reaction_time | GF1: timings. dispatching_time | GG1: timings. rider_reaction_time | GH1: timings. rider_accepting_time | GI1: timings. to_vendor_time | GJ1: timings. expected_vendor_walk_in_time | GK1: timings. estimated_walk_in_duration | GL1: timings. estimated_walk_out_duration | GM1: timings. estimated_arriving_duration | GN1: timings. estimated_leaving_duration | GO1: timings. estimated_drop_off_duration | GP1: timings. estimated_delivery_duration_buffer | GQ1: timings. estimated_courier_delay | GR1: timings. estimated_driving_time | GS1: timings. rider_late | GT1: timings. vendor_late | GU1: timings. assumed_actual_preparation_time | GV1: timings. bag_time | GW1: timings. at_vendor_time | GX1: timings. at_vendor_time_cleaned | GY1: timings. vendor_arriving_time | GZ1: timings. vendor_leaving_time | HA1: timings. expected_vendor_walk_out_time | HB1: timings. to_customer_time | HC1: timings. customer_walk_in_time | HD1: timings. at_customer_time | HE1: timings. customer_walk_out_time | HF1: timings. actual_delivery_time | HG1: timings. promised_delivery_time | HH1: timings. order_delay | HI1: timings.zone_stats. mean_delay | HJ1: timings. avoidable_wait_time | HK1: is_order_late_10 | HL1: is_order_delay_nn | HM1: is_vendor_late_10 | HN1: is_vendor_late_nn | HO1: is_rider_late_10 | HP1: is_rider_late_nn | HQ1: order_completed | HR1: primary_delivery_rider_dropped_off_at_local | HS1: order_completed_np | HT1: order_cancelled | HU1: to_dispatch_time | HV1: prepared_at | HW1: audi_load_date | HX1: utilization_type | HY1: awt_id | HZ1: food_is_ready_at
A2: 1 | B2: 7e9ee7dff9a6aa03b94aa59b0ac93ab35f71e5725faa75478218ae59756c51e1 | C2: uy | D2: 1 | E2: uy | F2: UY | G2: Uruguay | H2: Uruguay | I2: Americas | J2: 3 | K2: 26268 | L2: 30443255 | M2: 30443255 | N2: 42 | O2: PY_UY | P2: PY - Uruguay | Q2: PY | R2: 42894 | S2: 2017-06-08 18:11:26.867000 UTC | T2: 42894 | U2: 42894.633 | V2: 2017-06-08 18:11:26.007000 UTC | W2: 42894.633 | X2: 1 | Y2: Montevideo | Z2: 250000 | AA2: 1 | AB2: Sur | AC2: sur | AD2: TRUE | AE2: TRUE | AF2: 2018-10-18 15:23:19.096459 UTC | AG2: 2024-02-02 06:13:06.982388 UTC | AH2: POLYGON((-56.2140641 -34.9105614, -56.2122131 -34.9116604, -56.2102171 -34.9121354, -56.2083561 -34.9116524, -56.2046171 -34.9106924, -56.2019351 -34.9106574, -56.1979871 -34.9120654, -56.1939951 -34.9128924, -56.1868931 -34.9158484, -56.1847041 -34.9160594, -56.1827301 -34.9156194, -56.1792541 -34.9150914, -56.1760141 -34.9148454, -56.1730311 -34.9148454, -56.1706071 -34.9152504, -56.1695601 -34.9179874, -56.1709711 -34.9190684, -56.1725033259964 -34.9198274320558, -56.1721694547292 -34.9207211460853, -56.1711226473097 -34.9214802015123, -56.1712534946916 -34.9228167898634, -56.1717219910535 -34.9231528641264, -56.1720383981293 -34.9243939260158, -56.171549069129 -34.9252213453885, -56.1707141 -34.9251734, -56.1692331 -34.9252964, -56.1669371 -34.9260524, -56.1621791 -34.9293174, -56.1605481 -34.9308304, -56.1607631 -34.9325544, -56.1637241 -34.9325194, -56.1636811 -34.9331174, -56.1616641 -34.9340674, -56.1607201 -34.9353684, -56.1605051 -34.9364944, -56.1599901 -34.9378314, -56.1587891 -34.9334334, -56.1587891 -34.9287194, -56.1577101 -34.9275654, -56.1538101 -34.9250594, -56.1496911 -34.9222444, -56.1455711 -34.9201334, -56.1455711 -34.9190074, -56.1481831 -34.9182934, -56.1482481 -34.9162524, -56.1472821 -34.9141944, -56.1425401 -34.9105874, -56.1402491 -34.9112654, -56.1383611 -34.9121104, -56.1357861 -34.9109844, -56.1330391 -34.9122514, -56.1308081 -34.9116884, -56.1300091 -34.9110444, -56.1296061 -34.9098584, -56.1328681 -34.9090134, -56.1331411 -34.9077544, -56.1318381 -34.9047904, -56.1275461 -34.9059164, -56.1257281 -34.9054404, -56.1239251 -34.9046304, -56.1231501 -34.9021994, -56.121892 -34.8998624, -56.1200952516811 -34.8986910838319, -56.1165761947632 -34.8976175481557, -56.1138939857483 -34.898251111891, -56.1117696762085 -34.897406359158, -56.1122417449951 -34.896526398082, -56.1187219619751 -34.8871806425717, -56.1239790916443 -34.8868814197189, -56.1314464503675 -34.8798409383652, -56.1385488510132 -34.8739610065961, -56.1558651911037 -34.874805999307, -56.1743831634522 -34.88110797066, -56.1859703063965 -34.8811959835985, -56.1971743 -34.8833678, -56.1981582641602 -34.8879726968254, -56.196870803833 -34.8981807161617, -56.1991291 -34.8995814, -56.2030506134033 -34.9005741371092, -56.2091445922852 -34.9026155292723, -56.2160968780518 -34.9051496006743, -56.2140641 -34.9105614)) | AI2: 0 rows | AJ2: 0 rows | AK2: null | AL2: 31.33 | AM2: 0 rows | AN2: FALSE | AO2: America/Montevideo | AP2: FALSE | AQ2: 900 | AR2: 300 | AS2: 0 | AT2: 900000 | AU2: 900000 | AV2: 0 | AW2: 5 | AX2: 0 | AY2: null | AZ2: null | BA2: null | BB2: null | BC2: null | BD2: null | BE2: 2 | BF2: PEDIDOS_YA | BG2: 2017-06-08 18:41:26.016000 UTC | BH2: 42894.654 | BI2: 2017-06-08 18:28:38.885000 UTC | BJ2: 42894.645 | BK2: null | BL2: cancelled | BM2: 0 rows | BN2: 900000 | BO2: 100 | BP2: null | BQ2: d0b3cde4da48d13eee5fc116f42ad774b1b299b96319515c77b8c166e98e8121 | BR2: 3 | BS2: 2017-06-08 18:11:26.881000 UTC | BT2: TRUE | BU2: null | BV2: FALSE | BW2: null | BX2: 1 | BY2: America/Montevideo | BZ2: completed | CA2: null | CB2: 708 | CC2: 2017-06-08 18:11:55.357000 UTC | CD2: null | CE2: 2017-06-08 18:13:38.880000 UTC | CF2: null | CG2: 2017-06-08 19:42:28.052000 UTC | CH2: null | CI2: 2017-06-08 19:42:33.520000 UTC | CJ2: null | CK2: null | CL2: null | CM2: null | CN2: null | CO2: 1 | CP2: null | CQ2: null | CR2: null | CS2: null | CT2: null | CU2: null | CV2: null | CW2: null | CX2: null | CY2: 8a2ae010dcf7adc7ca8e05268b03ee34931fee3211cd86e3b44f8e635bb7b012 | CZ2: completed | DA2: null | DB2: null | DC2: 2017-06-08 19:42:33.518000 UTC | DD2: null | DE2: 1 | DF2: null | DG2: null | DH2: null | DI2: null | DJ2: null | DK2: null | DL2: null | DM2: null | DN2: null | DO2: null | DP2: null | DQ2: TRUE | DR2: TRUE | DS2: 42894.696 | DT2: null | DU2: null | DV2: 0 | DW2: 0 | DX2: null | DY2: null | DZ2: null | EA2: null | EB2: null | EC2: 0 | ED2: FALSE | EE2: FALSE | EF2: null | EG2: 0 | EH2: null | EI2: 0 | EJ2: 0 | EK2: 0 | EL2: 0 | EM2: null | EN2: null | EO2: null | EP2: null | EQ2: 0 | ER2: 0 | ES2: 0 | ET2: 0 | EU2: 0 | EV2: 0 | EW2: 0 | EX2: null | EY2: 42894.633 | EZ2: 42894.633 | FA2: null | FB2: 42894.634 | FC2: null | FD2: 42894.696 | FE2: null | FF2: 42894.696 | FG2: null | FH2: null | FI2: null | FJ2: null | FK2: null | FL2: null | FM2: 1 | FN2: 0 | FO2: dispatcher | FP2: 12132 | FQ2: null | FR2: CG2M3HUKIEBYLZXEQOM1TCN3QQUJYQ3DMGJCPFHJ | FS2: 1 | FT2: 42 | FU2: Empanadaspeia | FV2: null | FW2: null | FX2: POINT(-56.1996002197266 -34.9057006835938) | FY2: restaurants | FZ2: null | GA2: null | GB2: null | GC2: 0 | GD2: 0 | GE2: 0 | GF2: 0 | GG2: null | GH2: 0 | GI2: 0 | GJ2: null | GK2: null | GL2: null | GM2: null | GN2: null | GO2: null | GP2: null | GQ2: null | GR2: null | GS2: null | GT2: null | GU2: null | GV2: null | GW2: 0 | GX2: 0 | GY2: 0 | GZ2: 0 | HA2: null | HB2: 0 | HC2: 0 | HD2: 0 | HE2: 0 | HF2: 0 | HG2: 1800 | HH2: null | HI2: null | HJ2: null | HK2: 0 | HL2: 0 | HM2: 0 | HN2: 0 | HO2: 0 | HP2: 0 | HQ2: 1 | HR2: 42894.696 | HS2: 1 | HT2: 1 | HU2: 132 | HV2: null | HW2: 45324.94 | HX2: null | HY2: null | HZ2: null
BQ3: 685ddcf7d1b3bde6b86abcac8fced5c5cc1e5dd0ee6f98a7cef1c5ebcce0ef5f | BR3: 4 | BS3: 2017-06-08 18:11:55.447000 UTC | BT3: FALSE | BU3: null | BV3: FALSE | BW3: null | BX3: 1 | BY3: America/Montevideo | BZ3: cancelled | CA3: null | CB3: 708 | CC3: null | CD3: null | CE3: null | CF3: null | CG3: null | CH3: null | CI3: null | CJ3: null | CK3: null | CL3: null | CM3: null | CN3: null | CO3: null | CP3: null | CQ3: null | CR3: null | CS3: null | CT3: null | CU3: null | CV3: null | CW3: null | CX3: null | CY3: 141a0ab4e644e15cc81407218ac3037141a938489ad4f2d73b23970dc84ada9a | CZ3: cancelled | DA3: null | DB3: null | DC3: 2017-06-08 20:00:58.590000 UTC | DD3: null | DE3: null | DF3: null | DG3: order_state_machine | DH3: null | DI3: null | DJ3: null | DK3: null | DL3: order_cancelled | DM3: null | DN3: null | DO3: null | DP3: null | DQ3: TRUE | DR3: TRUE | DS3: 42894.709 | DT3: null | DU3: null | DV3: 0 | DW3: 0 | DX3: null | DY3: null | DZ3: null | EA3: null | EB3: null | EC3: null | ED3: FALSE | EE3: null | EF3: null | EG3: 0 | EH3: null | EI3: 0 | EJ3: 0 | EK3: 0 | EL3: 0 | EM3: null | EN3: null | EO3: null | EP3: null | EQ3: 0 | ER3: 0 | ES3: 0 | ET3: 0 | EU3: 0 | EV3: 0 | EW3: 0 | EX3: null | EY3: 42894.633 | EZ3: null | FA3: null | FB3: null | FC3: null | FD3: null | FE3: null | FF3: null | FG3: null | FH3: null | FI3: null | FJ3: null | FK3: null | FL3: null | FM3: 0 | FN3: 1
A4: 2 | B4: 442f9d14b283dac622d63dfae12aaa37decaa1e09f11ce2f9175b98798a1534b | C4: uy | D4: 1 | E4: uy | F4: UY | G4: Uruguay | H4: Uruguay | I4: Americas | J4: 5 | K4: 26322 | L4: 30444252 | M4: 30444252 | N4: 42 | O4: PY_UY | P4: PY - Uruguay | Q4: PY | R4: 42894 | S4: 2017-06-08 19:43:57.626000 UTC | T4: 42894 | U4: 42894.697 | V4: 2017-06-08 19:43:56.630000 UTC | W4: 42894.697 | X4: 1 | Y4: Montevideo | Z4: 250000 | AA4: 1 | AB4: Sur | AC4: sur | AD4: TRUE | AE4: TRUE | AF4: 2018-10-18 15:23:19.096459 UTC | AG4: 2024-02-02 06:13:06.982388 UTC | AH4: POLYGON((-56.2140641 -34.9105614, -56.2122131 -34.9116604, -56.2102171 -34.9121354, -56.2083561 -34.9116524, -56.2046171 -34.9106924, -56.2019351 -34.9106574, -56.1979871 -34.9120654, -56.1939951 -34.9128924, -56.1868931 -34.9158484, -56.1847041 -34.9160594, -56.1827301 -34.9156194, -56.1792541 -34.9150914, -56.1760141 -34.9148454, -56.1730311 -34.9148454, -56.1706071 -34.9152504, -56.1695601 -34.9179874, -56.1709711 -34.9190684, -56.1725033259964 -34.9198274320558, -56.1721694547292 -34.9207211460853, -56.1711226473097 -34.9214802015123, -56.1712534946916 -34.9228167898634, -56.1717219910535 -34.9231528641264, -56.1720383981293 -34.9243939260158, -56.171549069129 -34.9252213453885, -56.1707141 -34.9251734, -56.1692331 -34.9252964, -56.1669371 -34.9260524, -56.1621791 -34.9293174, -56.1605481 -34.9308304, -56.1607631 -34.9325544, -56.1637241 -34.9325194, -56.1636811 -34.9331174, -56.1616641 -34.9340674, -56.1607201 -34.9353684, -56.1605051 -34.9364944, -56.1599901 -34.9378314, -56.1587891 -34.9334334, -56.1587891 -34.9287194, -56.1577101 -34.9275654, -56.1538101 -34.9250594, -56.1496911 -34.9222444, -56.1455711 -34.9201334, -56.1455711 -34.9190074, -56.1481831 -34.9182934, -56.1482481 -34.9162524, -56.1472821 -34.9141944, -56.1425401 -34.9105874, -56.1402491 -34.9112654, -56.1383611 -34.9121104, -56.1357861 -34.9109844, -56.1330391 -34.9122514, -56.1308081 -34.9116884, -56.1300091 -34.9110444, -56.1296061 -34.9098584, -56.1328681 -34.9090134, -56.1331411 -34.9077544, -56.1318381 -34.9047904, -56.1275461 -34.9059164, -56.1257281 -34.9054404, -56.1239251 -34.9046304, -56.1231501 -34.9021994, -56.121892 -34.8998624, -56.1200952516811 -34.8986910838319, -56.1165761947632 -34.8976175481557, -56.1138939857483 -34.898251111891, -56.1117696762085 -34.897406359158, -56.1122417449951 -34.896526398082, -56.1187219619751 -34.8871806425717, -56.1239790916443 -34.8868814197189, -56.1314464503675 -34.8798409383652, -56.1385488510132 -34.8739610065961, -56.1558651911037 -34.874805999307, -56.1743831634522 -34.88110797066, -56.1859703063965 -34.8811959835985, -56.1971743 -34.8833678, -56.1981582641602 -34.8879726968254, -56.196870803833 -34.8981807161617, -56.1991291 -34.8995814, -56.2030506134033 -34.9005741371092, -56.2091445922852 -34.9026155292723, -56.2160968780518 -34.9051496006743, -56.2140641 -34.9105614)) | AI4: 0 rows | AJ4: 0 rows | AK4: null | AL4: 31.33 | AM4: 0 rows | AN4: FALSE | AO4: America/Montevideo | AP4: FALSE | AQ4: 900 | AR4: 300 | AS4: 0 | AT4: 21500 | AU4: 21500 | AV4: 0 | AW4: 7 | AX4: 0 | AY4: null | AZ4: null | BA4: null | BB4: null | BC4: null | BD4: null | BE4: 2 | BF4: PEDIDOS_YA | BG4: 2017-06-08 20:13:56.655000 UTC | BH4: 42894.718 | BI4: 2017-06-08 20:07:14.524000 UTC | BJ4: 42894.713 | BK4: null | BL4: cancelled | BM4: 0 rows | BN4: 21500 | BO4: 9 | BP4: null | BQ4: 83c1a92111a7293f3094c1ce9aef4ee2c3f29e9b835dd6e3a65f69f8e532dd86 | BR4: 6 | BS4: 2017-06-08 19:43:57.644000 UTC | BT4: TRUE | BU4: null | BV4: FALSE | BW4: null | BX4: 1 | BY4: America/Montevideo | BZ4: cancelled | CA4: null | CB4: 708 | CC4: 2017-06-08 19:51:36.186000 UTC | CD4: null | CE4: 2017-06-08 19:52:14.519000 UTC | CF4: null | CG4: null | CH4: null | CI4: null | CJ4: null | CK4: null | CL4: null | CM4: null | CN4: null | CO4: null | CP4: null | CQ4: null | CR4: null | CS4: null | CT4: null | CU4: null | CV4: null | CW4: null | CX4: null | CY4: 624850905ef554ee1db3c3a31765b018211cd99e7ea9a186f8d0e624d2e55316 | CZ4: cancelled | DA4: null | DB4: null | DC4: 2017-06-08 20:01:09.529000 UTC | DD4: null | DE4: null | DF4: null | DG4: order_state_machine | DH4: null | DI4: null | DJ4: null | DK4: null | DL4: order_cancelled | DM4: null | DN4: null | DO4: 2017-06-08 20:56:38 UTC | DP4: 2017-06-08 21:01:17 UTC | DQ4: TRUE | DR4: TRUE | DS4: 42894.709 | DT4: 42894.748 | DU4: 42894.751 | DV4: 0 | DW4: 0 | DX4: null | DY4: null | DZ4: null | EA4: null | EB4: null | EC4: null | ED4: FALSE | EE4: null | EF4: null | EG4: 0 | EH4: null | EI4: 0 | EJ4: 0 | EK4: 0 | EL4: 0 | EM4: null | EN4: null | EO4: null | EP4: null | EQ4: 0 | ER4: 0 | ES4: 0 | ET4: 0 | EU4: 0 | EV4: 0 | EW4: 0 | EX4: null | EY4: 42894.697 | EZ4: 42894.703 | FA4: null | FB4: 42894.703 | FC4: null | FD4: null | FE4: null | FF4: null | FG4: null | FH4: null | FI4: null | FJ4: null | FK4: null | FL4: null | FM4: 0 | FN4: 1 | FO4: dispatcher | FP4: 12132 | FQ4: null | FR4: CG2M3HUKIEBYLZXEQOM1TCN3QQUJYQ3DMGJCPFHJ | FS4: 1 | FT4: 42 | FU4: Empanadaspeia | FV4: null | FW4: null | FX4: POINT(-56.1996002197266 -34.9057006835938) | FY4: restaurants | FZ4: null | GA4: null | GB4: null | GC4: 0 | GD4: 0 | GE4: 0 | GF4: 0 | GG4: null | GH4: 0 | GI4: 0 | GJ4: null | GK4: null | GL4: null | GM4: null | GN4: null | GO4: null | GP4: null | GQ4: null | GR4: null | GS4: null | GT4: null | GU4: null | GV4: null | GW4: 0 | GX4: 0 | GY4: 0 | GZ4: 0 | HA4: null | HB4: 0 | HC4: 0 | HD4: 0 | HE4: 0 | HF4: 0 | HG4: 1800 | HH4: null | HI4: null | HJ4: null | HK4: 0 | HL4: 0 | HM4: 0 | HN4: 0 | HO4: 0 | HP4: 0 | HQ4: 0 | HR4: null | HS4: 0 | HT4: 1 | HU4: 497 | HV4: null | HW4: 45324.94 | HX4: null | HY4: null | HZ4: null
A5: 3 | B5: d293c447fd51080209855011f18d8fe402104dd82326efe4998531fe393b9224 | C5: uy | D5: 1 | E5: uy | F5: UY | G5: Uruguay | H5: Uruguay | I5: Americas | J5: 4 | K5: 26299 | L5: 30443920 | M5: 30443920 | N5: 42 | O5: PY_UY | P5: PY - Uruguay | Q5: PY | R5: 42894 | S5: 2017-06-08 19:03:49.903000 UTC | T5: 42894 | U5: 42894.669 | V5: 2017-06-08 19:03:48.933000 UTC | W5: 42894.669 | X5: 1 | Y5: Montevideo | Z5: 250000 | AA5: 1 | AB5: Sur | AC5: sur | AD5: TRUE | AE5: TRUE | AF5: 2018-10-18 15:23:19.096459 UTC | AG5: 2024-02-02 06:13:06.982388 UTC | AH5: POLYGON((-56.2140641 -34.9105614, -56.2122131 -34.9116604, -56.2102171 -34.9121354, -56.2083561 -34.9116524, -56.2046171 -34.9106924, -56.2019351 -34.9106574, -56.1979871 -34.9120654, -56.1939951 -34.9128924, -56.1868931 -34.9158484, -56.1847041 -34.9160594, -56.1827301 -34.9156194, -56.1792541 -34.9150914, -56.1760141 -34.9148454, -56.1730311 -34.9148454, -56.1706071 -34.9152504, -56.1695601 -34.9179874, -56.1709711 -34.9190684, -56.1725033259964 -34.9198274320558, -56.1721694547292 -34.9207211460853, -56.1711226473097 -34.9214802015123, -56.1712534946916 -34.9228167898634, -56.1717219910535 -34.9231528641264, -56.1720383981293 -34.9243939260158, -56.171549069129 -34.9252213453885, -56.1707141 -34.9251734, -56.1692331 -34.9252964, -56.1669371 -34.9260524, -56.1621791 -34.9293174, -56.1605481 -34.9308304, -56.1607631 -34.9325544, -56.1637241 -34.9325194, -56.1636811 -34.9331174, -56.1616641 -34.9340674, -56.1607201 -34.9353684, -56.1605051 -34.9364944, -56.1599901 -34.9378314, -56.1587891 -34.9334334, -56.1587891 -34.9287194, -56.1577101 -34.9275654, -56.1538101 -34.9250594, -56.1496911 -34.9222444, -56.1455711 -34.9201334, -56.1455711 -34.9190074, -56.1481831 -34.9182934, -56.1482481 -34.9162524, -56.1472821 -34.9141944, -56.1425401 -34.9105874, -56.1402491 -34.9112654, -56.1383611 -34.9121104, -56.1357861 -34.9109844, -56.1330391 -34.9122514, -56.1308081 -34.9116884, -56.1300091 -34.9110444, -56.1296061 -34.9098584, -56.1328681 -34.9090134, -56.1331411 -34.9077544, -56.1318381 -34.9047904, -56.1275461 -34.9059164, -56.1257281 -34.9054404, -56.1239251 -34.9046304, -56.1231501 -34.9021994, -56.121892 -34.8998624, -56.1200952516811 -34.8986910838319, -56.1165761947632 -34.8976175481557, -56.1138939857483 -34.898251111891, -56.1117696762085 -34.897406359158, -56.1122417449951 -34.896526398082, -56.1187219619751 -34.8871806425717, -56.1239790916443 -34.8868814197189, -56.1314464503675 -34.8798409383652, -56.1385488510132 -34.8739610065961, -56.1558651911037 -34.874805999307, -56.1743831634522 -34.88110797066, -56.1859703063965 -34.8811959835985, -56.1971743 -34.8833678, -56.1981582641602 -34.8879726968254, -56.196870803833 -34.8981807161617, -56.1991291 -34.8995814, -56.2030506134033 -34.9005741371092, -56.2091445922852 -34.9026155292723, -56.2160968780518 -34.9051496006743, -56.2140641 -34.9105614)) | AI5: 0 rows | AJ5: 0 rows | AK5: null | AL5: 31.33 | AM5: 0 rows | AN5: FALSE | AO5: America/Montevideo | AP5: FALSE | AQ5: 900 | AR5: 300 | AS5: 0 | AT5: 21500 | AU5: 21500 | AV5: 0 | AW5: 6 | AX5: 0 | AY5: null | AZ5: null | BA5: null | BB5: null | BC5: null | BD5: null | BE5: 2 | BF5: PEDIDOS_YA | BG5: 2017-06-08 19:33:48.946000 UTC | BH5: 42894.69 | BI5: null | BJ5: null | BK5: null | BL5: cancelled | BM5: 0 rows | BN5: 21500 | BO5: 9 | BP5: null | BQ5: 7038e9fdd672dd07faaa386795857d5c09f9ee953f89bc1f2184e0338dea776b | BR5: 5 | BS5: 2017-06-08 19:03:49.921000 UTC | BT5: TRUE | BU5: null | BV5: FALSE | BW5: null | BX5: 1 | BY5: America/Montevideo | BZ5: cancelled | CA5: null | CB5: 708 | CC5: 2017-06-08 19:54:12.375000 UTC | CD5: null | CE5: null | CF5: null | CG5: null | CH5: null | CI5: null | CJ5: null | CK5: null | CL5: null | CM5: null | CN5: null | CO5: null | CP5: null | CQ5: null | CR5: null | CS5: null | CT5: null | CU5: null | CV5: null | CW5: null | CX5: null | CY5: 96668074857641c99085459d3b70323efcad33dae966ff4135cb30da9800f9b9 | CZ5: cancelled | DA5: null | DB5: null | DC5: 2017-06-08 20:00:49.011000 UTC | DD5: null | DE5: null | DF5: null | DG5: order_state_machine | DH5: null | DI5: null | DJ5: null | DK5: null | DL5: order_cancelled | DM5: null | DN5: null | DO5: 2017-06-08 21:06:48 UTC | DP5: 2017-06-08 21:16:27 UTC | DQ5: TRUE | DR5: TRUE | DS5: 42894.709 | DT5: 42894.755 | DU5: 42894.761 | DV5: 0 | DW5: 0 | DX5: null | DY5: null | DZ5: null | EA5: null | EB5: null | EC5: null | ED5: FALSE | EE5: null | EF5: null | EG5: 0 | EH5: null | EI5: 0 | EJ5: 0 | EK5: 0 | EL5: 0 | EM5: null | EN5: null | EO5: null | EP5: null | EQ5: 0 | ER5: 0 | ES5: 0 | ET5: 0 | EU5: 0 | EV5: 0 | EW5: 0 | EX5: null | EY5: 42894.669 | EZ5: 42894.704 | FA5: null | FB5: null | FC5: null | FD5: null | FE5: null | FF5: null | FG5: null | FH5: null | FI5: null | FJ5: null | FK5: null | FL5: null | FM5: 0 | FN5: 1 | FO5: dispatcher | FP5: 12132 | FQ5: null | FR5: CG2M3HUKIEBYLZXEQOM1TCN3QQUJYQ3DMGJCPFHJ | FS5: 1 | FT5: 42 | FU5: Empanadaspeia | FV5: null | FW5: null | FX5: POINT(-56.1996002197266 -34.9057006835938) | FY5: restaurants | FZ5: null | GA5: null | GB5: null | GC5: 0 | GD5: 0 | GE5: 0 | GF5: 0 | GG5: null | GH5: 0 | GI5: 0 | GJ5: null | GK5: null | GL5: null | GM5: null | GN5: null | GO5: null | GP5: null | GQ5: null | GR5: null | GS5: null | GT5: null | GU5: null | GV5: null | GW5: 0 | GX5: 0 | GY5: 0 | GZ5: 0 | HA5: null | HB5: 0 | HC5: 0 | HD5: 0 | HE5: 0 | HF5: 0 | HG5: 1800 | HH5: null | HI5: null | HJ5: null | HK5: 0 | HL5: 0 | HM5: 0 | HN5: 0 | HO5: 0 | HP5: 0 | HQ5: 0 | HR5: null | HS5: 0 | HT5: 1 | HU5: null | HV5: null | HW5: 45324.94 | HX5: null | HY5: null | HZ5: null
A6: 4 | B6: ee1a2acf16cd9660517084e72eeed7304f071167c60ebd7600d7e911296952cd | C6: uy | D6: 1 | E6: uy | F6: UY | G6: Uruguay | H6: Uruguay | I6: Americas | J6: 6 | K6: 26334 | L6: 30444373 | M6: 30444373 | N6: 42 | O6: PY_UY | P6: PY - Uruguay | Q6: PY | R6: 42894 | S6: 2017-06-08 20:01:53.227000 UTC | T6: 42894 | U6: 42894.71 | V6: 2017-06-08 20:01:52.056000 UTC | W6: 42894.71 | X6: 1 | Y6: Montevideo | Z6: 250000 | AA6: 1 | AB6: Sur | AC6: sur | AD6: TRUE | AE6: TRUE | AF6: 2018-10-18 15:23:19.096459 UTC | AG6: 2024-02-02 06:13:06.982388 UTC | AH6: POLYGON((-56.2140641 -34.9105614, -56.2122131 -34.9116604, -56.2102171 -34.9121354, -56.2083561 -34.9116524, -56.2046171 -34.9106924, -56.2019351 -34.9106574, -56.1979871 -34.9120654, -56.1939951 -34.9128924, -56.1868931 -34.9158484, -56.1847041 -34.9160594, -56.1827301 -34.9156194, -56.1792541 -34.9150914, -56.1760141 -34.9148454, -56.1730311 -34.9148454, -56.1706071 -34.9152504, -56.1695601 -34.9179874, -56.1709711 -34.9190684, -56.1725033259964 -34.9198274320558, -56.1721694547292 -34.9207211460853, -56.1711226473097 -34.9214802015123, -56.1712534946916 -34.9228167898634, -56.1717219910535 -34.9231528641264, -56.1720383981293 -34.9243939260158, -56.171549069129 -34.9252213453885, -56.1707141 -34.9251734, -56.1692331 -34.9252964, -56.1669371 -34.9260524, -56.1621791 -34.9293174, -56.1605481 -34.9308304, -56.1607631 -34.9325544, -56.1637241 -34.9325194, -56.1636811 -34.9331174, -56.1616641 -34.9340674, -56.1607201 -34.9353684, -56.1605051 -34.9364944, -56.1599901 -34.9378314, -56.1587891 -34.9334334, -56.1587891 -34.9287194, -56.1577101 -34.9275654, -56.1538101 -34.9250594, -56.1496911 -34.9222444, -56.1455711 -34.9201334, -56.1455711 -34.9190074, -56.1481831 -34.9182934, -56.1482481 -34.9162524, -56.1472821 -34.9141944, -56.1425401 -34.9105874, -56.1402491 -34.9112654, -56.1383611 -34.9121104, -56.1357861 -34.9109844, -56.1330391 -34.9122514, -56.1308081 -34.9116884, -56.1300091 -34.9110444, -56.1296061 -34.9098584, -56.1328681 -34.9090134, -56.1331411 -34.9077544, -56.1318381 -34.9047904, -56.1275461 -34.9059164, -56.1257281 -34.9054404, -56.1239251 -34.9046304, -56.1231501 -34.9021994, -56.121892 -34.8998624, -56.1200952516811 -34.8986910838319, -56.1165761947632 -34.8976175481557, -56.1138939857483 -34.898251111891, -56.1117696762085 -34.897406359158, -56.1122417449951 -34.896526398082, -56.1187219619751 -34.8871806425717, -56.1239790916443 -34.8868814197189, -56.1314464503675 -34.8798409383652, -56.1385488510132 -34.8739610065961, -56.1558651911037 -34.874805999307, -56.1743831634522 -34.88110797066, -56.1859703063965 -34.8811959835985, -56.1971743 -34.8833678, -56.1981582641602 -34.8879726968254, -56.196870803833 -34.8981807161617, -56.1991291 -34.8995814, -56.2030506134033 -34.9005741371092, -56.2091445922852 -34.9026155292723, -56.2160968780518 -34.9051496006743, -56.2140641 -34.9105614)) | AI6: 0 rows | AJ6: 0 rows | AK6: null | AL6: 31.33 | AM6: 0 rows | AN6: FALSE | AO6: America/Montevideo | AP6: FALSE | AQ6: 900 | AR6: 300 | AS6: 0 | AT6: 25500 | AU6: 25500 | AV6: 0 | AW6: 8 | AX6: 0 | AY6: null | AZ6: null | BA6: null | BB6: null | BC6: null | BD6: null | BE6: 2 | BF6: PEDIDOS_YA | BG6: 2017-06-08 20:31:52.077000 UTC | BH6: 42894.73 | BI6: 2017-06-08 20:30:47.005000 UTC | BJ6: 42894.73 | BK6: null | BL6: completed | BM6: 0 rows | BN6: 25500 | BO6: 11 | BP6: null | BQ6: b10ba0dd3ac0993cc8addf86c3d561baaa3645a2209fc5c689823017bc6c8956 | BR6: 7 | BS6: 2017-06-08 20:01:53.246000 UTC | BT6: TRUE | BU6: null | BV6: FALSE | BW6: null | BX6: 1 | BY6: America/Montevideo | BZ6: completed | CA6: null | CB6: 708 | CC6: 2017-06-08 20:01:57.132000 UTC | CD6: null | CE6: 2017-06-08 20:15:46.999000 UTC | CF6: null | CG6: 2017-06-08 20:15:50.496000 UTC | CH6: null | CI6: 2017-06-08 20:15:55.916000 UTC | CJ6: null | CK6: null | CL6: null | CM6: null | CN6: null | CO6: 1 | CP6: null | CQ6: null | CR6: null | CS6: null | CT6: null | CU6: null | CV6: null | CW6: null | CX6: null | CY6: 24f71a26679dccf7f940a39d4453def46a0a33f1f7fa1f4234f8fc5400ea2b8d | CZ6: completed | DA6: null | DB6: null | DC6: 2017-06-08 20:15:55.913000 UTC | DD6: null | DE6: 1 | DF6: null | DG6: null | DH6: null | DI6: null | DJ6: null | DK6: null | DL6: null | DM6: null | DN6: null | DO6: null | DP6: null | DQ6: TRUE | DR6: TRUE | DS6: 42894.719 | DT6: null | DU6: null | DV6: 0 | DW6: 0 | DX6: null | DY6: null | DZ6: null | EA6: null | EB6: null | EC6: 0 | ED6: FALSE | EE6: FALSE | EF6: null | EG6: 0 | EH6: null | EI6: 0 | EJ6: 0 | EK6: 0 | EL6: 0 | EM6: null | EN6: null | EO6: null | EP6: null | EQ6: 0 | ER6: 0 | ES6: 0 | ET6: 0 | EU6: 0 | EV6: 0 | EW6: 0 | EX6: null | EY6: 42894.71 | EZ6: 42894.71 | FA6: null | FB6: 42894.719 | FC6: null | FD6: 42894.719 | FE6: null | FF6: 42894.719 | FG6: null | FH6: null | FI6: null | FJ6: null | FK6: null | FL6: null | FM6: 1 | FN6: 0 | FO6: null | FP6: null | FQ6: null | FR6: CG2M3HUKIEBYLZXEQOM1TCN3QQUJYQ3DMGJCPFHJ | FS6: 1 | FT6: 42 | FU6: Empanadaspeia | FV6: null | FW6: null | FX6: POINT(-56.1996002197266 -34.9057006835938) | FY6: restaurants | FZ6: null | GA6: null | GB6: null | GC6: 0 | GD6: 0 | GE6: 0 | GF6: 0 | GG6: null | GH6: 0 | GI6: 0 | GJ6: null | GK6: null | GL6: null | GM6: null | GN6: null | GO6: null | GP6: null | GQ6: null | GR6: null | GS6: null | GT6: null | GU6: null | GV6: null | GW6: 0 | GX6: 0 | GY6: 0 | GZ6: 0 | HA6: null | HB6: 0 | HC6: 0 | HD6: 0 | HE6: 0 | HF6: 0 | HG6: 1800 | HH6: null | HI6: null | HJ6: null | HK6: 0 | HL6: 0 | HM6: 0 | HN6: 0 | HO6: 0 | HP6: 0 | HQ6: 1 | HR6: 42894.719 | HS6: 1 | HT6: 0 | HU6: 834 | HV6: null | HW6: 45324.94 | HX6: null | HY6: null | HZ6: null
A7: 5 | B7: 166844d2c711b13c6bb18be667e5c0d2918e73a611dacf7434983034f663b2c3 | C7: uy | D7: 1 | E7: uy | F7: UY | G7: Uruguay | H7: Uruguay | I7: Americas | J7: 1 | K7: 26225 | L7: 30441588 | M7: 30441588 | N7: 42 | O7: PY_UY | P7: PY - Uruguay | Q7: PY | R7: 42894 | S7: 2017-06-08 17:02:33.651000 UTC | T7: 42894 | U7: 42894.585 | V7: 2017-06-08 17:02:32.357000 UTC | W7: 42894.585 | X7: 1 | Y7: Montevideo | Z7: 250000 | AA7: 1 | AB7: Sur | AC7: sur | AD7: TRUE | AE7: TRUE | AF7: 2018-10-18 15:23:19.096459 UTC | AG7: 2024-02-02 06:13:06.982388 UTC | AH7: POLYGON((-56.2140641 -34.9105614, -56.2122131 -34.9116604, -56.2102171 -34.9121354, -56.2083561 -34.9116524, -56.2046171 -34.9106924, -56.2019351 -34.9106574, -56.1979871 -34.9120654, -56.1939951 -34.9128924, -56.1868931 -34.9158484, -56.1847041 -34.9160594, -56.1827301 -34.9156194, -56.1792541 -34.9150914, -56.1760141 -34.9148454, -56.1730311 -34.9148454, -56.1706071 -34.9152504, -56.1695601 -34.9179874, -56.1709711 -34.9190684, -56.1725033259964 -34.9198274320558, -56.1721694547292 -34.9207211460853, -56.1711226473097 -34.9214802015123, -56.1712534946916 -34.9228167898634, -56.1717219910535 -34.9231528641264, -56.1720383981293 -34.9243939260158, -56.171549069129 -34.9252213453885, -56.1707141 -34.9251734, -56.1692331 -34.9252964, -56.1669371 -34.9260524, -56.1621791 -34.9293174, -56.1605481 -34.9308304, -56.1607631 -34.9325544, -56.1637241 -34.9325194, -56.1636811 -34.9331174, -56.1616641 -34.9340674, -56.1607201 -34.9353684, -56.1605051 -34.9364944, -56.1599901 -34.9378314, -56.1587891 -34.9334334, -56.1587891 -34.9287194, -56.1577101 -34.9275654, -56.1538101 -34.9250594, -56.1496911 -34.9222444, -56.1455711 -34.9201334, -56.1455711 -34.9190074, -56.1481831 -34.9182934, -56.1482481 -34.9162524, -56.1472821 -34.9141944, -56.1425401 -34.9105874, -56.1402491 -34.9112654, -56.1383611 -34.9121104, -56.1357861 -34.9109844, -56.1330391 -34.9122514, -56.1308081 -34.9116884, -56.1300091 -34.9110444, -56.1296061 -34.9098584, -56.1328681 -34.9090134, -56.1331411 -34.9077544, -56.1318381 -34.9047904, -56.1275461 -34.9059164, -56.1257281 -34.9054404, -56.1239251 -34.9046304, -56.1231501 -34.9021994, -56.121892 -34.8998624, -56.1200952516811 -34.8986910838319, -56.1165761947632 -34.8976175481557, -56.1138939857483 -34.898251111891, -56.1117696762085 -34.897406359158, -56.1122417449951 -34.896526398082, -56.1187219619751 -34.8871806425717, -56.1239790916443 -34.8868814197189, -56.1314464503675 -34.8798409383652, -56.1385488510132 -34.8739610065961, -56.1558651911037 -34.874805999307, -56.1743831634522 -34.88110797066, -56.1859703063965 -34.8811959835985, -56.1971743 -34.8833678, -56.1981582641602 -34.8879726968254, -56.196870803833 -34.8981807161617, -56.1991291 -34.8995814, -56.2030506134033 -34.9005741371092, -56.2091445922852 -34.9026155292723, -56.2160968780518 -34.9051496006743, -56.2140641 -34.9105614)) | AI7: 0 rows | AJ7: 0 rows | AK7: null | AL7: 31.33 | AM7: 0 rows | AN7: FALSE | AO7: America/Montevideo | AP7: FALSE | AQ7: 900 | AR7: 300 | AS7: 0 | AT7: 900000 | AU7: 900000 | AV7: 0 | AW7: 3 | AX7: 0 | AY7: 2017-06-08 17:28:20.996000 UTC | AZ7: 42894.603 | BA7: 2017-06-08 17:27:51.726000 UTC | BB7: 42894.603 | BC7: null | BD7: null | BE7: 2 | BF7: PEDIDOS_YA | BG7: 2017-06-08 17:32:32.368000 UTC | BH7: 42894.606 | BI7: 2017-06-08 17:28:51.726000 UTC | BJ7: 42894.603 | BK7: null | BL7: completed | BM7: 0 rows | BN7: 900000 | BO7: 100 | BP7: null | BQ7: a483f3b36f855ce865c9eb2e947927fa8a100130efddfd91a92b222c1b839dac | BR7: 1 | BS7: 2017-06-08 17:02:33.668000 UTC | BT7: TRUE | BU7: null | BV7: FALSE | BW7: null | BX7: 1 | BY7: America/Montevideo | BZ7: completed | CA7: null | CB7: 708 | CC7: 2017-06-08 17:25:54.827000 UTC | CD7: null | CE7: 2017-06-08 17:28:40.885000 UTC | CF7: null | CG7: 2017-06-08 17:28:49.708000 UTC | CH7: null | CI7: 2017-06-08 18:03:43.653000 UTC | CJ7: null | CK7: null | CL7: null | CM7: null | CN7: null | CO7: 1 | CP7: null | CQ7: null | CR7: null | CS7: null | CT7: null | CU7: null | CV7: null | CW7: null | CX7: null | CY7: fccb2bae6bc7253501ebddf5cfe39bc2ba689bd23d32bef1e9867d4c9b26f3a9 | CZ7: completed | DA7: null | DB7: null | DC7: 2017-06-08 18:03:43.650000 UTC | DD7: null | DE7: 1 | DF7: null | DG7: null | DH7: null | DI7: null | DJ7: null | DK7: null | DL7: null | DM7: null | DN7: null | DO7: null | DP7: null | DQ7: TRUE | DR7: TRUE | DS7: 42894.628 | DT7: null | DU7: null | DV7: 0 | DW7: 0 | DX7: null | DY7: null | DZ7: null | EA7: null | EB7: null | EC7: 0 | ED7: FALSE | EE7: FALSE | EF7: null | EG7: 0 | EH7: null | EI7: 0 | EJ7: 0 | EK7: 0 | EL7: 0 | EM7: null | EN7: null | EO7: null | EP7: null | EQ7: 0 | ER7: 0 | ES7: 0 | ET7: 0 | EU7: 0 | EV7: 0 | EW7: 0 | EX7: null | EY7: 42894.585 | EZ7: 42894.601 | FA7: null | FB7: 42894.603 | FC7: null | FD7: 42894.603 | FE7: null | FF7: 42894.628 | FG7: null | FH7: null | FI7: null | FJ7: null | FK7: null | FL7: null | FM7: 1 | FN7: 0 | FO7: null | FP7: null | FQ7: null | FR7: CG2M3HUKIEBYLZXEQOM1TCN3QQUJYQ3DMGJCPFHJ | FS7: 1 | FT7: 42 | FU7: Empanadaspeia | FV7: null | FW7: null | FX7: POINT(-56.1996002197266 -34.9057006835938) | FY7: restaurants | FZ7: null | GA7: null | GB7: null | GC7: 0 | GD7: 1518 | GE7: 29 | GF7: 0 | GG7: null | GH7: 0 | GI7: 0 | GJ7: null | GK7: null | GL7: null | GM7: null | GN7: null | GO7: null | GP7: null | GQ7: null | GR7: null | GS7: null | GT7: null | GU7: null | GV7: null | GW7: 0 | GX7: 0 | GY7: 0 | GZ7: 0 | HA7: null | HB7: 0 | HC7: 0 | HD7: 0 | HE7: 0 | HF7: 0 | HG7: 1800 | HH7: null | HI7: null | HJ7: null | HK7: 0 | HL7: 0 | HM7: 0 | HN7: 0 | HO7: 0 | HP7: 0 | HQ7: 1 | HR7: 42894.628 | HS7: 1 | HT7: 0 | HU7: 1568 | HV7: null | HW7: 45324.94 | HX7: null | HY7: null | HZ7: null
A8: 6 | B8: 076072044da78d815b892c4ed83a4fbee5234c97dece12717c81788c9834d384 | C8: uy | D8: 1 | E8: uy | F8: UY | G8: Uruguay | H8: Uruguay | I8: Americas | J8: 2 | K8: 26261 | L8: 30443124 | M8: 30443124 | N8: 42 | O8: PY_UY | P8: PY - Uruguay | Q8: PY | R8: 42894 | S8: 2017-06-08 18:02:09.332000 UTC | T8: 42894 | U8: 42894.626 | V8: 2017-06-08 18:02:08.181000 UTC | W8: 42894.626 | X8: 1 | Y8: Montevideo | Z8: 250000 | AA8: 1 | AB8: Sur | AC8: sur | AD8: TRUE | AE8: TRUE | AF8: 2018-10-18 15:23:19.096459 UTC | AG8: 2024-02-02 06:13:06.982388 UTC | AH8: POLYGON((-56.2140641 -34.9105614, -56.2122131 -34.9116604, -56.2102171 -34.9121354, -56.2083561 -34.9116524, -56.2046171 -34.9106924, -56.2019351 -34.9106574, -56.1979871 -34.9120654, -56.1939951 -34.9128924, -56.1868931 -34.9158484, -56.1847041 -34.9160594, -56.1827301 -34.9156194, -56.1792541 -34.9150914, -56.1760141 -34.9148454, -56.1730311 -34.9148454, -56.1706071 -34.9152504, -56.1695601 -34.9179874, -56.1709711 -34.9190684, -56.1725033259964 -34.9198274320558, -56.1721694547292 -34.9207211460853, -56.1711226473097 -34.9214802015123, -56.1712534946916 -34.9228167898634, -56.1717219910535 -34.9231528641264, -56.1720383981293 -34.9243939260158, -56.171549069129 -34.9252213453885, -56.1707141 -34.9251734, -56.1692331 -34.9252964, -56.1669371 -34.9260524, -56.1621791 -34.9293174, -56.1605481 -34.9308304, -56.1607631 -34.9325544, -56.1637241 -34.9325194, -56.1636811 -34.9331174, -56.1616641 -34.9340674, -56.1607201 -34.9353684, -56.1605051 -34.9364944, -56.1599901 -34.9378314, -56.1587891 -34.9334334, -56.1587891 -34.9287194, -56.1577101 -34.9275654, -56.1538101 -34.9250594, -56.1496911 -34.9222444, -56.1455711 -34.9201334, -56.1455711 -34.9190074, -56.1481831 -34.9182934, -56.1482481 -34.9162524, -56.1472821 -34.9141944, -56.1425401 -34.9105874, -56.1402491 -34.9112654, -56.1383611 -34.9121104, -56.1357861 -34.9109844, -56.1330391 -34.9122514, -56.1308081 -34.9116884, -56.1300091 -34.9110444, -56.1296061 -34.9098584, -56.1328681 -34.9090134, -56.1331411 -34.9077544, -56.1318381 -34.9047904, -56.1275461 -34.9059164, -56.1257281 -34.9054404, -56.1239251 -34.9046304, -56.1231501 -34.9021994, -56.121892 -34.8998624, -56.1200952516811 -34.8986910838319, -56.1165761947632 -34.8976175481557, -56.1138939857483 -34.898251111891, -56.1117696762085 -34.897406359158, -56.1122417449951 -34.896526398082, -56.1187219619751 -34.8871806425717, -56.1239790916443 -34.8868814197189, -56.1314464503675 -34.8798409383652, -56.1385488510132 -34.8739610065961, -56.1558651911037 -34.874805999307, -56.1743831634522 -34.88110797066, -56.1859703063965 -34.8811959835985, -56.1971743 -34.8833678, -56.1981582641602 -34.8879726968254, -56.196870803833 -34.8981807161617, -56.1991291 -34.8995814, -56.2030506134033 -34.9005741371092, -56.2091445922852 -34.9026155292723, -56.2160968780518 -34.9051496006743, -56.2140641 -34.9105614)) | AI8: 0 rows | AJ8: 0 rows | AK8: null | AL8: 31.33 | AM8: 0 rows | AN8: FALSE | AO8: America/Montevideo | AP8: FALSE | AQ8: 900 | AR8: 300 | AS8: 0 | AT8: 550000 | AU8: 550000 | AV8: 0 | AW8: 4 | AX8: 0 | AY8: 2017-06-08 18:07:09.989000 UTC | AZ8: 42894.63 | BA8: 2017-06-08 18:06:24.844000 UTC | BB8: 42894.629 | BC8: null | BD8: null | BE8: 2 | BF8: PEDIDOS_YA | BG8: 2017-06-08 18:32:08.198000 UTC | BH8: 42894.647 | BI8: 2017-06-08 18:16:24.844000 UTC | BJ8: 42894.636 | BK8: null | BL8: completed | BM8: 0 rows | BN8: 550000 | BO8: 100 | BP8: null | BQ8: 36c599bde13dd70124772da0cae6412904e1d2c88249c5fb6307663a6676d4dd | BR8: 2 | BS8: 2017-06-08 18:02:09.346000 UTC | BT8: TRUE | BU8: null | BV8: FALSE | BW8: null | BX8: 1 | BY8: America/Montevideo | BZ8: completed | CA8: null | CB8: 708 | CC8: 2017-06-08 18:06:05.039000 UTC | CD8: null | CE8: 2017-06-08 18:08:31.779000 UTC | CF8: null | CG8: 2017-06-08 18:08:44.858000 UTC | CH8: null | CI8: 2017-06-08 18:10:39.500000 UTC | CJ8: null | CK8: null | CL8: null | CM8: E5JZ79UJOTGMWADHURSUDQ7WAH5WE3LBYGE5IOHND5 | CN8: null | CO8: 1 | CP8: null | CQ8: null | CR8: null | CS8: null | CT8: null | CU8: null | CV8: null | CW8: null | CX8: null | CY8: 35d300e8a20f89820e32c7adf39832cb14e4039ddbd82434d3e684e3dfac8077 | CZ8: completed | DA8: null | DB8: null | DC8: 2017-06-08 18:10:39.498000 UTC | DD8: E5JZ79UJOTGMWADHURSUDQ7WAH5WE3LBYGE5IOHND5 | DE8: 1 | DF8: null | DG8: null | DH8: null | DI8: null | DJ8: null | DK8: null | DL8: null | DM8: null | DN8: null | DO8: null | DP8: null | DQ8: TRUE | DR8: TRUE | DS8: 42894.632 | DT8: null | DU8: null | DV8: 0 | DW8: 0 | DX8: null | DY8: null | DZ8: null | EA8: null | EB8: null | EC8: 0 | ED8: FALSE | EE8: FALSE | EF8: null | EG8: 0 | EH8: null | EI8: 0 | EJ8: 0 | EK8: 0 | EL8: 0 | EM8: null | EN8: null | EO8: null | EP8: null | EQ8: 0 | ER8: 0 | ES8: 0 | ET8: 0 | EU8: 0 | EV8: 0 | EW8: 0 | EX8: null | EY8: 42894.626 | EZ8: 42894.629 | FA8: null | FB8: 42894.631 | FC8: null | FD8: 42894.631 | FE8: null | FF8: 42894.632 | FG8: null | FH8: null | FI8: null | FJ8: null | FK8: null | FL8: null | FM8: 1 | FN8: 0 | FO8: null | FP8: null | FQ8: null | FR8: CG2M3HUKIEBYLZXEQOM1TCN3QQUJYQ3DMGJCPFHJ | FS8: 1 | FT8: 42 | FU8: Empanadaspeia | FV8: null | FW8: null | FX8: POINT(-56.1996002197266 -34.9057006835938) | FY8: restaurants | FZ8: null | GA8: null | GB8: null | GC8: 0 | GD8: 255 | GE8: 45 | GF8: 0 | GG8: null | GH8: 0 | GI8: 0 | GJ8: null | GK8: null | GL8: null | GM8: null | GN8: null | GO8: null | GP8: null | GQ8: null | GR8: null | GS8: null | GT8: null | GU8: null | GV8: null | GW8: 0 | GX8: 0 | GY8: 0 | GZ8: 0 | HA8: null | HB8: 0 | HC8: 0 | HD8: 0 | HE8: 0 | HF8: 0 | HG8: 1800 | HH8: null | HI8: null | HJ8: null | HK8: 0 | HL8: 0 | HM8: 0 | HN8: 0 | HO8: 0 | HP8: 0 | HQ8: 1 | HR8: 42894.632 | HS8: 1 | HT8: 0 | HU8: 383 | HV8: null | HW8: 45324.94 | HX8: null | HY8: null | HZ8: null
A9: 7 | B9: ad62f3fd70dc90440045ca89de4040a6982beced719c90a75135f54360cb4676 | C9: uy | D9: 1 | E9: uy | F9: UY | G9: Uruguay | H9: Uruguay | I9: Americas | J9: 8 | K9: 28581 | L9: 30696137 | M9: 30696137 | N9: 42 | O9: PY_UY | P9: PY - Uruguay | Q9: PY | R9: 42899 | S9: 2017-06-13 12:48:40.177000 UTC | T9: 42899 | U9: 42899.409 | V9: 2017-06-13 12:48:39.502000 UTC | W9: 42899.409 | X9: 1 | Y9: Montevideo | Z9: 250000 | AA9: 1 | AB9: Sur | AC9: sur | AD9: TRUE | AE9: TRUE | AF9: 2018-10-18 15:23:19.096459 UTC | AG9: 2024-02-02 06:13:06.982388 UTC | AH9: POLYGON((-56.2140641 -34.9105614, -56.2122131 -34.9116604, -56.2102171 -34.9121354, -56.2083561 -34.9116524, -56.2046171 -34.9106924, -56.2019351 -34.9106574, -56.1979871 -34.9120654, -56.1939951 -34.9128924, -56.1868931 -34.9158484, -56.1847041 -34.9160594, -56.1827301 -34.9156194, -56.1792541 -34.9150914, -56.1760141 -34.9148454, -56.1730311 -34.9148454, -56.1706071 -34.9152504, -56.1695601 -34.9179874, -56.1709711 -34.9190684, -56.1725033259964 -34.9198274320558, -56.1721694547292 -34.9207211460853, -56.1711226473097 -34.9214802015123, -56.1712534946916 -34.9228167898634, -56.1717219910535 -34.9231528641264, -56.1720383981293 -34.9243939260158, -56.171549069129 -34.9252213453885, -56.1707141 -34.9251734, -56.1692331 -34.9252964, -56.1669371 -34.9260524, -56.1621791 -34.9293174, -56.1605481 -34.9308304, -56.1607631 -34.9325544, -56.1637241 -34.9325194, -56.1636811 -34.9331174, -56.1616641 -34.9340674, -56.1607201 -34.9353684, -56.1605051 -34.9364944, -56.1599901 -34.9378314, -56.1587891 -34.9334334, -56.1587891 -34.9287194, -56.1577101 -34.9275654, -56.1538101 -34.9250594, -56.1496911 -34.9222444, -56.1455711 -34.9201334, -56.1455711 -34.9190074, -56.1481831 -34.9182934, -56.1482481 -34.9162524, -56.1472821 -34.9141944, -56.1425401 -34.9105874, -56.1402491 -34.9112654, -56.1383611 -34.9121104, -56.1357861 -34.9109844, -56.1330391 -34.9122514, -56.1308081 -34.9116884, -56.1300091 -34.9110444, -56.1296061 -34.9098584, -56.1328681 -34.9090134, -56.1331411 -34.9077544, -56.1318381 -34.9047904, -56.1275461 -34.9059164, -56.1257281 -34.9054404, -56.1239251 -34.9046304, -56.1231501 -34.9021994, -56.121892 -34.8998624, -56.1200952516811 -34.8986910838319, -56.1165761947632 -34.8976175481557, -56.1138939857483 -34.898251111891, -56.1117696762085 -34.897406359158, -56.1122417449951 -34.896526398082, -56.1187219619751 -34.8871806425717, -56.1239790916443 -34.8868814197189, -56.1314464503675 -34.8798409383652, -56.1385488510132 -34.8739610065961, -56.1558651911037 -34.874805999307, -56.1743831634522 -34.88110797066, -56.1859703063965 -34.8811959835985, -56.1971743 -34.8833678, -56.1981582641602 -34.8879726968254, -56.196870803833 -34.8981807161617, -56.1991291 -34.8995814, -56.2030506134033 -34.9005741371092, -56.2091445922852 -34.9026155292723, -56.2160968780518 -34.9051496006743, -56.2140641 -34.9105614)) | AI9: 0 rows | AJ9: 0 rows | AK9: null | AL9: 31.33 | AM9: 0 rows | AN9: FALSE | AO9: America/Montevideo | AP9: FALSE | AQ9: 900 | AR9: 300 | AS9: 0 | AT9: 21500 | AU9: 21500 | AV9: 0 | AW9: 10 | AX9: 0 | AY9: 2017-06-13 13:03:52.064000 UTC | AZ9: 42899.419 | BA9: 2017-06-13 13:01:41.965000 UTC | BB9: 42899.418 | BC9: null | BD9: null | BE9: 2 | BF9: PEDIDOS_YA | BG9: 2017-06-13 13:18:39.515000 UTC | BH9: 42899.43 | BI9: 2017-06-13 13:16:41.965000 UTC | BJ9: 42899.428 | BK9: null | BL9: completed | BM9: 0 rows | BN9: 21500 | BO9: 9 | BP9: null | BQ9: 4f6757f4b4de3fe9f2dc3fe65e0948db3276ce35f6040fa489ea2a5e5d5f9d70 | BR9: 10 | BS9: 2017-06-13 12:48:40.189000 UTC | BT9: TRUE | BU9: null | BV9: FALSE | BW9: null | BX9: 1 | BY9: America/Montevideo | BZ9: completed | CA9: null | CB9: 708 | CC9: 2017-06-13 12:48:49.750000 UTC | CD9: null | CE9: 2017-06-13 12:49:23.148000 UTC | CF9: null | CG9: 2017-06-13 13:04:09.067000 UTC | CH9: null | CI9: 2017-06-13 13:06:26.696000 UTC | CJ9: null | CK9: null | CL9: null | CM9: UJ9SIJ54LF15OM2KBT8EZ59E4UNWRIA3BLENSW5D9AE | CN9: null | CO9: 3 | CP9: null | CQ9: null | CR9: null | CS9: null | CT9: null | CU9: null | CV9: null | CW9: null | CX9: null | CY9: 470aea2d1680d0c96db91187f250ceb16c7af7f728b7704db3cd74760d2f7fd2 | CZ9: completed | DA9: null | DB9: null | DC9: 2017-06-13 13:06:26.692000 UTC | DD9: UJ9SIJ54LF15OM2KBT8EZ59E4UNWRIA3BLENSW5D9AE | DE9: 3 | DF9: null | DG9: null | DH9: null | DI9: null | DJ9: null | DK9: null | DL9: null | DM9: null | DN9: null | DO9: null | DP9: null | DQ9: TRUE | DR9: TRUE | DS9: 42899.421 | DT9: null | DU9: null | DV9: 0 | DW9: 0 | DX9: null | DY9: null | DZ9: null | EA9: null | EB9: null | EC9: 0 | ED9: FALSE | EE9: FALSE | EF9: null | EG9: 0 | EH9: null | EI9: 0 | EJ9: 0 | EK9: 0 | EL9: 0 | EM9: null | EN9: null | EO9: null | EP9: null | EQ9: 0 | ER9: 0 | ES9: 0 | ET9: 0 | EU9: 0 | EV9: 0 | EW9: 0 | EX9: null | EY9: 42899.409 | EZ9: 42899.409 | FA9: null | FB9: 42899.409 | FC9: null | FD9: 42899.42 | FE9: null | FF9: 42899.421 | FG9: null | FH9: null | FI9: null | FJ9: null | FK9: null | FL9: null | FM9: 1 | FN9: 0 | FO9: null | FP9: null | FQ9: null | FR9: CG2M3HUKIEBYLZXEQOM1TCN3QQUJYQ3DMGJCPFHJ | FS9: 1 | FT9: 42 | FU9: Empanadaspeia | FV9: null | FW9: null | FX9: POINT(-56.1996002197266 -34.9057006835938) | FY9: restaurants | FZ9: null | GA9: null | GB9: null | GC9: 0 | GD9: 781 | GE9: 130 | GF9: 0 | GG9: null | GH9: 0 | GI9: 0 | GJ9: null | GK9: null | GL9: null | GM9: null | GN9: null | GO9: null | GP9: null | GQ9: null | GR9: null | GS9: null | GT9: null | GU9: null | GV9: null | GW9: 0 | GX9: 0 | GY9: 0 | GZ9: 0 | HA9: null | HB9: 0 | HC9: 0 | HD9: 0 | HE9: 0 | HF9: 0 | HG9: 1800 | HH9: null | HI9: null | HJ9: null | HK9: 0 | HL9: 0 | HM9: 0 | HN9: 0 | HO9: 0 | HP9: 0 | HQ9: 1 | HR9: 42899.421 | HS9: 1 | HT9: 0 | HU9: 43 | HV9: null | HW9: 45324.94 | HX9: null | HY9: null | HZ9: null
A10: 8 | B10: 5b4065bbd68ace5aca63793ef16d287d04cfb736d613cad414c26341b64c89b3 | C10: uy | D10: 1 | E10: uy | F10: UY | G10: Uruguay | H10: Uruguay | I10: Americas | J10: 7 | K10: 28579 | L10: 30696129 | M10: 30696129 | N10: 42 | O10: PY_UY | P10: PY - Uruguay | Q10: PY | R10: 42899 | S10: 2017-06-13 12:38:10.319000 UTC | T10: 42899 | U10: 42899.402 | V10: 2017-06-13 12:38:09.173000 UTC | W10: 42899.401 | X10: 1 | Y10: Montevideo | Z10: 250000 | AA10: 1 | AB10: Sur | AC10: sur | AD10: TRUE | AE10: TRUE | AF10: 2018-10-18 15:23:19.096459 UTC | AG10: 2024-02-02 06:13:06.982388 UTC | AH10: POLYGON((-56.2140641 -34.9105614, -56.2122131 -34.9116604, -56.2102171 -34.9121354, -56.2083561 -34.9116524, -56.2046171 -34.9106924, -56.2019351 -34.9106574, -56.1979871 -34.9120654, -56.1939951 -34.9128924, -56.1868931 -34.9158484, -56.1847041 -34.9160594, -56.1827301 -34.9156194, -56.1792541 -34.9150914, -56.1760141 -34.9148454, -56.1730311 -34.9148454, -56.1706071 -34.9152504, -56.1695601 -34.9179874, -56.1709711 -34.9190684, -56.1725033259964 -34.9198274320558, -56.1721694547292 -34.9207211460853, -56.1711226473097 -34.9214802015123, -56.1712534946916 -34.9228167898634, -56.1717219910535 -34.9231528641264, -56.1720383981293 -34.9243939260158, -56.171549069129 -34.9252213453885, -56.1707141 -34.9251734, -56.1692331 -34.9252964, -56.1669371 -34.9260524, -56.1621791 -34.9293174, -56.1605481 -34.9308304, -56.1607631 -34.9325544, -56.1637241 -34.9325194, -56.1636811 -34.9331174, -56.1616641 -34.9340674, -56.1607201 -34.9353684, -56.1605051 -34.9364944, -56.1599901 -34.9378314, -56.1587891 -34.9334334, -56.1587891 -34.9287194, -56.1577101 -34.9275654, -56.1538101 -34.9250594, -56.1496911 -34.9222444, -56.1455711 -34.9201334, -56.1455711 -34.9190074, -56.1481831 -34.9182934, -56.1482481 -34.9162524, -56.1472821 -34.9141944, -56.1425401 -34.9105874, -56.1402491 -34.9112654, -56.1383611 -34.9121104, -56.1357861 -34.9109844, -56.1330391 -34.9122514, -56.1308081 -34.9116884, -56.1300091 -34.9110444, -56.1296061 -34.9098584, -56.1328681 -34.9090134, -56.1331411 -34.9077544, -56.1318381 -34.9047904, -56.1275461 -34.9059164, -56.1257281 -34.9054404, -56.1239251 -34.9046304, -56.1231501 -34.9021994, -56.121892 -34.8998624, -56.1200952516811 -34.8986910838319, -56.1165761947632 -34.8976175481557, -56.1138939857483 -34.898251111891, -56.1117696762085 -34.897406359158, -56.1122417449951 -34.896526398082, -56.1187219619751 -34.8871806425717, -56.1239790916443 -34.8868814197189, -56.1314464503675 -34.8798409383652, -56.1385488510132 -34.8739610065961, -56.1558651911037 -34.874805999307, -56.1743831634522 -34.88110797066, -56.1859703063965 -34.8811959835985, -56.1971743 -34.8833678, -56.1981582641602 -34.8879726968254, -56.196870803833 -34.8981807161617, -56.1991291 -34.8995814, -56.2030506134033 -34.9005741371092, -56.2091445922852 -34.9026155292723, -56.2160968780518 -34.9051496006743, -56.2140641 -34.9105614)) | AI10: 0 rows | AJ10: 0 rows | AK10: null | AL10: 31.33 | AM10: 0 rows | AN10: FALSE | AO10: America/Montevideo | AP10: FALSE | AQ10: 900 | AR10: 300 | AS10: 0 | AT10: 352000 | AU10: 352000 | AV10: 0 | AW10: 9 | AX10: 0 | AY10: null | AZ10: null | BA10: null | BB10: null | BC10: null | BD10: null | BE10: 2 | BF10: PEDIDOS_YA | BG10: 2017-06-13 13:08:09.184000 UTC | BH10: 42899.422 | BI10: 2017-06-13 12:55:43.796000 UTC | BJ10: 42899.414 | BK10: null | BL10: cancelled | BM10: 0 rows | BN10: 352000 | BO10: 100 | BP10: null | BQ10: 8d7afe2faca4efb9a896c9ca3403dd4d77e5fe46ea435ff46f40efbbf187d082 | BR10: 8 | BS10: 2017-06-13 12:38:10.332000 UTC | BT10: TRUE | BU10: null | BV10: FALSE | BW10: null | BX10: 1 | BY10: America/Montevideo | BZ10: completed | CA10: null | CB10: 708 | CC10: 2017-06-13 12:38:43.289000 UTC | CD10: null | CE10: 2017-06-13 12:40:43.792000 UTC | CF10: null | CG10: 2017-06-13 12:41:03.178000 UTC | CH10: null | CI10: 2017-06-13 12:41:29.471000 UTC | CJ10: null | CK10: null | CL10: null | CM10: YIQDIBIPYZJNXZXKQXMVEIFRQUQGGQ95TPOKEGBAIWO | CN10: null | CO10: 1 | CP10: null | CQ10: null | CR10: null | CS10: null | CT10: null | CU10: null | CV10: null | CW10: null | CX10: null | CY10: a60561d00c59de048ed67808fa8d1d70ea88c363435b8dd612d3f0904bcc3e76 | CZ10: completed | DA10: null | DB10: null | DC10: 2017-06-13 12:41:29.468000 UTC | DD10: YIQDIBIPYZJNXZXKQXMVEIFRQUQGGQ95TPOKEGBAIWO | DE10: 1 | DF10: null | DG10: null | DH10: null | DI10: null | DJ10: null | DK10: null | DL10: null | DM10: null | DN10: null | DO10: null | DP10: null | DQ10: TRUE | DR10: TRUE | DS10: 42899.404 | DT10: null | DU10: null | DV10: 0 | DW10: 0 | DX10: null | DY10: null | DZ10: null | EA10: null | EB10: null | EC10: 0 | ED10: FALSE | EE10: FALSE | EF10: null | EG10: 0 | EH10: null | EI10: 0 | EJ10: 0 | EK10: 0 | EL10: 0 | EM10: null | EN10: null | EO10: null | EP10: null | EQ10: 0 | ER10: 0 | ES10: 0 | ET10: 0 | EU10: 0 | EV10: 0 | EW10: 0 | EX10: null | EY10: 42899.402 | EZ10: 42899.402 | FA10: null | FB10: 42899.403 | FC10: null | FD10: 42899.404 | FE10: null | FF10: 42899.404 | FG10: null | FH10: null | FI10: null | FJ10: null | FK10: null | FL10: null | FM10: 1 | FN10: 0 | FO10: dispatcher | FP10: 12132 | FQ10: null | FR10: CG2M3HUKIEBYLZXEQOM1TCN3QQUJYQ3DMGJCPFHJ | FS10: 1 | FT10: 42 | FU10: Empanadaspeia | FV10: null | FW10: null | FX10: POINT(-56.1996002197266 -34.9057006835938) | FY10: restaurants | FZ10: null | GA10: null | GB10: null | GC10: 0 | GD10: 0 | GE10: 0 | GF10: 0 | GG10: null | GH10: 0 | GI10: 0 | GJ10: null | GK10: null | GL10: null | GM10: null | GN10: null | GO10: null | GP10: null | GQ10: null | GR10: null | GS10: null | GT10: null | GU10: null | GV10: null | GW10: 0 | GX10: 0 | GY10: 0 | GZ10: 0 | HA10: null | HB10: 0 | HC10: 0 | HD10: 0 | HE10: 0 | HF10: 0 | HG10: 1800 | HH10: null | HI10: null | HJ10: null | HK10: 0 | HL10: 0 | HM10: 0 | HN10: 0 | HO10: 0 | HP10: 0 | HQ10: 1 | HR10: 42899.404 | HS10: 1 | HT10: 1 | HU10: 154 | HV10: null | HW10: 45324.94 | HX10: null | HY10: null | HZ10: null
BQ11: 4e1bbdc83515c0125693899cb375d061691e764320d93cc9e62996af98e466cf | BR11: 9 | BS11: 2017-06-13 12:38:43.362000 UTC | BT11: FALSE | BU11: null | BV11: FALSE | BW11: null | BX11: 1 | BY11: America/Montevideo | BZ11: cancelled | CA11: null | CB11: 708 | CC11: null | CD11: null | CE11: null | CF11: null | CG11: null | CH11: null | CI11: null | CJ11: null | CK11: null | CL11: null | CM11: null | CN11: null | CO11: null | CP11: null | CQ11: null | CR11: null | CS11: null | CT11: null | CU11: null | CV11: null | CW11: null | CX11: null | CY11: 0799d2ea7612c064014695b9480822a8d26055ee23dfc67a4e5a70b22ad64969 | CZ11: cancelled | DA11: null | DB11: null | DC11: 2017-06-13 12:48:01.764000 UTC | DD11: null | DE11: null | DF11: null | DG11: order_state_machine | DH11: null | DI11: null | DJ11: null | DK11: null | DL11: order_cancelled | DM11: null | DN11: null | DO11: null | DP11: null | DQ11: TRUE | DR11: TRUE | DS11: 42899.408 | DT11: null | DU11: null | DV11: 0 | DW11: 0 | DX11: null | DY11: null | DZ11: null | EA11: null | EB11: null | EC11: null | ED11: FALSE | EE11: null | EF11: null | EG11: 0 | EH11: null | EI11: 0 | EJ11: 0 | EK11: 0 | EL11: 0 | EM11: null | EN11: null | EO11: null | EP11: null | EQ11: 0 | ER11: 0 | ES11: 0 | ET11: 0 | EU11: 0 | EV11: 0 | EW11: 0 | EX11: null | EY11: 42899.402 | EZ11: null | FA11: null | FB11: null | FC11: null | FD11: null | FE11: null | FF11: null | FG11: null | FH11: null | FI11: null | FJ11: null | FK11: null | FL11: null | FM11: 0 | FN11: 1
A12: 9 | B12: 8f9beca6d39f568d2b2330eb1f86f38f1e730f0ebdf14c15dabca427bda0681a | C12: uy | D12: 1 | E12: uy | F12: UY | G12: Uruguay | H12: Uruguay | I12: Americas | J12: 9 | K12: 28583 | L12: 30696151 | M12: 30696151 | N12: 42198 | O12: PY_UY | P12: PY - Uruguay | Q12: PY | R12: 42899 | S12: 2017-06-13 13:02:12.076000 UTC | T12: 42899 | U12: 42899.418 | V12: 2017-06-13 13:02:10.885000 UTC | W12: 42899.418 | X12: 1 | Y12: Montevideo | Z12: 250000 | AA12: 1 | AB12: Sur | AC12: sur | AD12: TRUE | AE12: TRUE | AF12: 2018-10-18 15:23:19.096459 UTC | AG12: 2024-02-02 06:13:06.982388 UTC | AH12: POLYGON((-56.2140641 -34.9105614, -56.2122131 -34.9116604, -56.2102171 -34.9121354, -56.2083561 -34.9116524, -56.2046171 -34.9106924, -56.2019351 -34.9106574, -56.1979871 -34.9120654, -56.1939951 -34.9128924, -56.1868931 -34.9158484, -56.1847041 -34.9160594, -56.1827301 -34.9156194, -56.1792541 -34.9150914, -56.1760141 -34.9148454, -56.1730311 -34.9148454, -56.1706071 -34.9152504, -56.1695601 -34.9179874, -56.1709711 -34.9190684, -56.1725033259964 -34.9198274320558, -56.1721694547292 -34.9207211460853, -56.1711226473097 -34.9214802015123, -56.1712534946916 -34.9228167898634, -56.1717219910535 -34.9231528641264, -56.1720383981293 -34.9243939260158, -56.171549069129 -34.9252213453885, -56.1707141 -34.9251734, -56.1692331 -34.9252964, -56.1669371 -34.9260524, -56.1621791 -34.9293174, -56.1605481 -34.9308304, -56.1607631 -34.9325544, -56.1637241 -34.9325194, -56.1636811 -34.9331174, -56.1616641 -34.9340674, -56.1607201 -34.9353684, -56.1605051 -34.9364944, -56.1599901 -34.9378314, -56.1587891 -34.9334334, -56.1587891 -34.9287194, -56.1577101 -34.9275654, -56.1538101 -34.9250594, -56.1496911 -34.9222444, -56.1455711 -34.9201334, -56.1455711 -34.9190074, -56.1481831 -34.9182934, -56.1482481 -34.9162524, -56.1472821 -34.9141944, -56.1425401 -34.9105874, -56.1402491 -34.9112654, -56.1383611 -34.9121104, -56.1357861 -34.9109844, -56.1330391 -34.9122514, -56.1308081 -34.9116884, -56.1300091 -34.9110444, -56.1296061 -34.9098584, -56.1328681 -34.9090134, -56.1331411 -34.9077544, -56.1318381 -34.9047904, -56.1275461 -34.9059164, -56.1257281 -34.9054404, -56.1239251 -34.9046304, -56.1231501 -34.9021994, -56.121892 -34.8998624, -56.1200952516811 -34.8986910838319, -56.1165761947632 -34.8976175481557, -56.1138939857483 -34.898251111891, -56.1117696762085 -34.897406359158, -56.1122417449951 -34.896526398082, -56.1187219619751 -34.8871806425717, -56.1239790916443 -34.8868814197189, -56.1314464503675 -34.8798409383652, -56.1385488510132 -34.8739610065961, -56.1558651911037 -34.874805999307, -56.1743831634522 -34.88110797066, -56.1859703063965 -34.8811959835985, -56.1971743 -34.8833678, -56.1981582641602 -34.8879726968254, -56.196870803833 -34.8981807161617, -56.1991291 -34.8995814, -56.2030506134033 -34.9005741371092, -56.2091445922852 -34.9026155292723, -56.2160968780518 -34.9051496006743, -56.2140641 -34.9105614)) | AI12: 0 rows | AJ12: 0 rows | AK12: null | AL12: 31.33 | AM12: 0 rows | AN12: FALSE | AO12: America/Montevideo | AP12: FALSE | AQ12: 900 | AR12: 300 | AS12: 0 | AT12: 55000 | AU12: 55000 | AV12: 0 | AW12: 12 | AX12: 0 | AY12: 2017-06-13 13:05:51.684000 UTC | AZ12: 42899.421 | BA12: 2017-06-13 13:05:16.316000 UTC | BB12: 42899.42 | BC12: null | BD12: null | BE12: 11 | BF12: PEDIDOS_YA | BG12: 2017-06-13 13:32:10.907000 UTC | BH12: 42899.439 | BI12: 2017-06-13 13:15:16.316000 UTC | BJ12: 42899.427 | BK12: null | BL12: completed | BM12: 0 rows | BN12: 55000 | BO12: 27 | BP12: null | BQ12: 6af151c80ed85e3a9aa39f9b2bef6952804bd2d43992a2f93d62005d2847c9d0 | BR12: 11 | BS12: 2017-06-13 13:02:12.089000 UTC | BT12: TRUE | BU12: null | BV12: FALSE | BW12: null | BX12: 1 | BY12: America/Montevideo | BZ12: completed | CA12: null | CB12: 999 | CC12: 2017-06-13 13:05:08.230000 UTC | CD12: null | CE12: 2017-06-13 13:07:10.626000 UTC | CF12: null | CG12: 2017-06-13 13:35:26.552000 UTC | CH12: null | CI12: 2017-06-13 13:35:30.644000 UTC | CJ12: null | CK12: null | CL12: null | CM12: null | CN12: null | CO12: 3 | CP12: null | CQ12: null | CR12: null | CS12: null | CT12: null | CU12: null | CV12: null | CW12: null | CX12: null | CY12: adc792cf72b256c7f404ba337461fc8de51796f0d60eff109ed02e1fbb974f31 | CZ12: completed | DA12: null | DB12: null | DC12: 2017-06-13 13:35:30.641000 UTC | DD12: null | DE12: 3 | DF12: null | DG12: null | DH12: null | DI12: null | DJ12: null | DK12: null | DL12: null | DM12: null | DN12: null | DO12: null | DP12: null | DQ12: TRUE | DR12: TRUE | DS12: 42899.441 | DT12: null | DU12: null | DV12: 0 | DW12: 0 | DX12: null | DY12: null | DZ12: null | EA12: null | EB12: null | EC12: 0 | ED12: FALSE | EE12: FALSE | EF12: null | EG12: 0 | EH12: null | EI12: 0 | EJ12: 0 | EK12: 0 | EL12: 0 | EM12: null | EN12: null | EO12: null | EP12: null | EQ12: 0 | ER12: 0 | ES12: 0 | ET12: 0 | EU12: 0 | EV12: 0 | EW12: 0 | EX12: null | EY12: 42899.418 | EZ12: 42899.42 | FA12: null | FB12: 42899.422 | FC12: null | FD12: 42899.441 | FE12: null | FF12: 42899.441 | FG12: null | FH12: null | FI12: null | FJ12: null | FK12: null | FL12: null | FM12: 1 | FN12: 0 | FO12: null | FP12: null | FQ12: null | FR12: EK1CN0IBKM8EOLPYMFDGYCAZB97DZ70PLQAJMDQEILP | FS12: 2 | FT12: 42198 | FU12: La Petite Cuisine | FV12: null | FW12: null | FX12: POINT(-56.2086982727051 -34.910701751709) | FY12: restaurants | FZ12: null | GA12: null | GB12: null | GC12: 0 | GD12: 184 | GE12: 35 | GF12: 0 | GG12: null | GH12: 0 | GI12: 0 | GJ12: null | GK12: null | GL12: null | GM12: null | GN12: null | GO12: null | GP12: null | GQ12: null | GR12: null | GS12: null | GT12: null | GU12: null | GV12: null | GW12: 0 | GX12: 0 | GY12: 0 | GZ12: 0 | HA12: null | HB12: 0 | HC12: 0 | HD12: 0 | HE12: 0 | HF12: 0 | HG12: 1800 | HH12: null | HI12: null | HJ12: null | HK12: 0 | HL12: 0 | HM12: 0 | HN12: 0 | HO12: 0 | HP12: 0 | HQ12: 1 | HR12: 42899.441 | HS12: 1 | HT12: 0 | HU12: 299 | HV12: null | HW12: 45324.94 | HX12: null | HY12: null | HZ12: null
A13: 10 | B13: 2e144ef6a615d69bb5c279ee3b4e1e6187433ed72c5fa00bcd2b1c70f949335f | C13: uy | D13: 1 | E13: uy | F13: UY | G13: Uruguay | H13: Uruguay | I13: Americas | J13: 12 | K13: 28685 | L13: 30700095 | M13: 30700095 | N13: 44641 | O13: PY_UY | P13: PY - Uruguay | Q13: PY | R13: 42899 | S13: 2017-06-13 16:05:40.322000 UTC | T13: 42899 | U13: 42899.546 | V13: 2017-06-13 16:05:39.459000 UTC | W13: 42899.546 | X13: 1 | Y13: Montevideo | Z13: 250000 | AA13: 1 | AB13: Sur | AC13: sur | AD13: TRUE | AE13: TRUE | AF13: 2018-10-18 15:23:19.096459 UTC | AG13: 2024-02-02 06:13:06.982388 UTC | AH13: POLYGON((-56.2140641 -34.9105614, -56.2122131 -34.9116604, -56.2102171 -34.9121354, -56.2083561 -34.9116524, -56.2046171 -34.9106924, -56.2019351 -34.9106574, -56.1979871 -34.9120654, -56.1939951 -34.9128924, -56.1868931 -34.9158484, -56.1847041 -34.9160594, -56.1827301 -34.9156194, -56.1792541 -34.9150914, -56.1760141 -34.9148454, -56.1730311 -34.9148454, -56.1706071 -34.9152504, -56.1695601 -34.9179874, -56.1709711 -34.9190684, -56.1725033259964 -34.9198274320558, -56.1721694547292 -34.9207211460853, -56.1711226473097 -34.9214802015123, -56.1712534946916 -34.9228167898634, -56.1717219910535 -34.9231528641264, -56.1720383981293 -34.9243939260158, -56.171549069129 -34.9252213453885, -56.1707141 -34.9251734, -56.1692331 -34.9252964, -56.1669371 -34.9260524, -56.1621791 -34.9293174, -56.1605481 -34.9308304, -56.1607631 -34.9325544, -56.1637241 -34.9325194, -56.1636811 -34.9331174, -56.1616641 -34.9340674, -56.1607201 -34.9353684, -56.1605051 -34.9364944, -56.1599901 -34.9378314, -56.1587891 -34.9334334, -56.1587891 -34.9287194, -56.1577101 -34.9275654, -56.1538101 -34.9250594, -56.1496911 -34.9222444, -56.1455711 -34.9201334, -56.1455711 -34.9190074, -56.1481831 -34.9182934, -56.1482481 -34.9162524, -56.1472821 -34.9141944, -56.1425401 -34.9105874, -56.1402491 -34.9112654, -56.1383611 -34.9121104, -56.1357861 -34.9109844, -56.1330391 -34.9122514, -56.1308081 -34.9116884, -56.1300091 -34.9110444, -56.1296061 -34.9098584, -56.1328681 -34.9090134, -56.1331411 -34.9077544, -56.1318381 -34.9047904, -56.1275461 -34.9059164, -56.1257281 -34.9054404, -56.1239251 -34.9046304, -56.1231501 -34.9021994, -56.121892 -34.8998624, -56.1200952516811 -34.8986910838319, -56.1165761947632 -34.8976175481557, -56.1138939857483 -34.898251111891, -56.1117696762085 -34.897406359158, -56.1122417449951 -34.896526398082, -56.1187219619751 -34.8871806425717, -56.1239790916443 -34.8868814197189, -56.1314464503675 -34.8798409383652, -56.1385488510132 -34.8739610065961, -56.1558651911037 -34.874805999307, -56.1743831634522 -34.88110797066, -56.1859703063965 -34.8811959835985, -56.1971743 -34.8833678, -56.1981582641602 -34.8879726968254, -56.196870803833 -34.8981807161617, -56.1991291 -34.8995814, -56.2030506134033 -34.9005741371092, -56.2091445922852 -34.9026155292723, -56.2160968780518 -34.9051496006743, -56.2140641 -34.9105614)) | AI13: 0 rows | AJ13: 0 rows | AK13: null | AL13: 31.33 | AM13: 0 rows | AN13: FALSE | AO13: America/Montevideo | AP13: FALSE | AQ13: 900 | AR13: 300 | AS13: 0 | AT13: 31000 | AU13: 31000 | AV13: 0 | AW13: 16 | AX13: 0 | AY13: 2017-06-13 16:17:29.392000 UTC | AZ13: 42899.554 | BA13: 2017-06-13 16:16:48.154000 UTC | BB13: 42899.553 | BC13: null | BD13: null | BE13: 13 | BF13: PEDIDOS_YA | BG13: 2017-06-13 16:35:39.480000 UTC | BH13: 42899.566 | BI13: 2017-06-13 16:31:48.154000 UTC | BJ13: 42899.564 | BK13: null | BL13: completed | BM13: 0 rows | BN13: 31000 | BO13: 15 | BP13: null | BQ13: 8cdfe8e18247f5c75cf8034dd503b82f92731f03fe1b64610503010408b3e143 | BR13: 14 | BS13: 2017-06-13 16:05:40.336000 UTC | BT13: TRUE | BU13: null | BV13: FALSE | BW13: 12148 | BX13: 1 | BY13: America/Montevideo | BZ13: completed | CA13: null | CB13: 1173 | CC13: 2017-06-13 16:05:45.429000 UTC | CD13: null | CE13: 2017-06-13 16:13:07.518000 UTC | CF13: null | CG13: 2017-06-13 16:30:15.489000 UTC | CH13: null | CI13: 2017-06-13 16:38:31.109000 UTC | CJ13: null | CK13: null | CL13: null | CM13: YB4PVLVNI4DRVL4FADUBQWIMVXIRBWVE7JPZDJGCZJ | CN13: null | CO13: 3 | CP13: null | CQ13: null | CR13: null | CS13: null | CT13: null | CU13: null | CV13: null | CW13: null | CX13: null | CY13: b190d5cf5da18f07cb0129365ff3703128d79c6188e27e6634b3f37552373fe7 | CZ13: completed | DA13: 12148 | DB13: null | DC13: 2017-06-13 16:38:31.106000 UTC | DD13: YB4PVLVNI4DRVL4FADUBQWIMVXIRBWVE7JPZDJGCZJ | DE13: 3 | DF13: null | DG13: null | DH13: null | DI13: null | DJ13: null | DK13: null | DL13: null | DM13: null | DN13: null | DO13: null | DP13: null | DQ13: TRUE | DR13: TRUE | DS13: 42899.568 | DT13: null | DU13: null | DV13: 0 | DW13: 0 | DX13: null | DY13: null | DZ13: null | EA13: null | EB13: null | EC13: 0 | ED13: FALSE | EE13: FALSE | EF13: null | EG13: 0 | EH13: null | EI13: 0 | EJ13: 0 | EK13: 0 | EL13: 0 | EM13: null | EN13: null | EO13: null | EP13: null | EQ13: 0 | ER13: 0 | ES13: 0 | ET13: 44 | EU13: 0 | EV13: 44 | EW13: 0 | EX13: null | EY13: 42899.546 | EZ13: 42899.546 | FA13: null | FB13: 42899.551 | FC13: null | FD13: 42899.563 | FE13: null | FF13: 42899.568 | FG13: null | FH13: null | FI13: null | FJ13: null | FK13: null | FL13: null | FM13: 1 | FN13: 0 | FO13: null | FP13: null | FQ13: null | FR13: 4ZEE77KPOEGPP4CKASHXNT8VCATHJJJFMWYVC5XJ6 | FS13: 3 | FT13: 44641 | FU13: Brys | FV13: null | FW13: null | FX13: POINT(-56.1587982177734 -34.9240989685059) | FY13: restaurants | FZ13: null | GA13: null | GB13: null | GC13: 0 | GD13: 667 | GE13: 41 | GF13: 0 | GG13: null | GH13: 0 | GI13: 0 | GJ13: null | GK13: null | GL13: null | GM13: null | GN13: null | GO13: null | GP13: null | GQ13: null | GR13: null | GS13: null | GT13: null | GU13: null | GV13: null | GW13: 0 | GX13: 0 | GY13: 0 | GZ13: 0 | HA13: null | HB13: 0 | HC13: 44 | HD13: 0 | HE13: 44 | HF13: 0 | HG13: 1800 | HH13: null | HI13: null | HJ13: null | HK13: 0 | HL13: 0 | HM13: 0 | HN13: 0 | HO13: 0 | HP13: 0 | HQ13: 1 | HR13: 42899.568 | HS13: 1 | HT13: 0 | HU13: 448 | HV13: null | HW13: 45324.94 | HX13: null | HY13: null | HZ13: null
A14: 11 | B14: 07779ce97efcee603ca422981992732be2694f822bd63721a1f0b92522d245ab | C14: uy | D14: 1 | E14: uy | F14: UY | G14: Uruguay | H14: Uruguay | I14: Americas | J14: 10 | K14: 28638 | L14: 30697383 | M14: 30697383 | N14: 44641 | O14: PY_UY | P14: PY - Uruguay | Q14: PY | R14: 42899 | S14: 2017-06-13 14:59:39.557000 UTC | T14: 42899 | U14: 42899.5 | V14: 2017-06-13 14:59:38.511000 UTC | W14: 42899.5 | X14: 1 | Y14: Montevideo | Z14: 250000 | AA14: 1 | AB14: Sur | AC14: sur | AD14: TRUE | AE14: TRUE | AF14: 2018-10-18 15:23:19.096459 UTC | AG14: 2024-02-02 06:13:06.982388 UTC | AH14: POLYGON((-56.2140641 -34.9105614, -56.2122131 -34.9116604, -56.2102171 -34.9121354, -56.2083561 -34.9116524, -56.2046171 -34.9106924, -56.2019351 -34.9106574, -56.1979871 -34.9120654, -56.1939951 -34.9128924, -56.1868931 -34.9158484, -56.1847041 -34.9160594, -56.1827301 -34.9156194, -56.1792541 -34.9150914, -56.1760141 -34.9148454, -56.1730311 -34.9148454, -56.1706071 -34.9152504, -56.1695601 -34.9179874, -56.1709711 -34.9190684, -56.1725033259964 -34.9198274320558, -56.1721694547292 -34.9207211460853, -56.1711226473097 -34.9214802015123, -56.1712534946916 -34.9228167898634, -56.1717219910535 -34.9231528641264, -56.1720383981293 -34.9243939260158, -56.171549069129 -34.9252213453885, -56.1707141 -34.9251734, -56.1692331 -34.9252964, -56.1669371 -34.9260524, -56.1621791 -34.9293174, -56.1605481 -34.9308304, -56.1607631 -34.9325544, -56.1637241 -34.9325194, -56.1636811 -34.9331174, -56.1616641 -34.9340674, -56.1607201 -34.9353684, -56.1605051 -34.9364944, -56.1599901 -34.9378314, -56.1587891 -34.9334334, -56.1587891 -34.9287194, -56.1577101 -34.9275654, -56.1538101 -34.9250594, -56.1496911 -34.9222444, -56.1455711 -34.9201334, -56.1455711 -34.9190074, -56.1481831 -34.9182934, -56.1482481 -34.9162524, -56.1472821 -34.9141944, -56.1425401 -34.9105874, -56.1402491 -34.9112654, -56.1383611 -34.9121104, -56.1357861 -34.9109844, -56.1330391 -34.9122514, -56.1308081 -34.9116884, -56.1300091 -34.9110444, -56.1296061 -34.9098584, -56.1328681 -34.9090134, -56.1331411 -34.9077544, -56.1318381 -34.9047904, -56.1275461 -34.9059164, -56.1257281 -34.9054404, -56.1239251 -34.9046304, -56.1231501 -34.9021994, -56.121892 -34.8998624, -56.1200952516811 -34.8986910838319, -56.1165761947632 -34.8976175481557, -56.1138939857483 -34.898251111891, -56.1117696762085 -34.897406359158, -56.1122417449951 -34.896526398082, -56.1187219619751 -34.8871806425717, -56.1239790916443 -34.8868814197189, -56.1314464503675 -34.8798409383652, -56.1385488510132 -34.8739610065961, -56.1558651911037 -34.874805999307, -56.1743831634522 -34.88110797066, -56.1859703063965 -34.8811959835985, -56.1971743 -34.8833678, -56.1981582641602 -34.8879726968254, -56.196870803833 -34.8981807161617, -56.1991291 -34.8995814, -56.2030506134033 -34.9005741371092, -56.2091445922852 -34.9026155292723, -56.2160968780518 -34.9051496006743, -56.2140641 -34.9105614)) | AI14: 0 rows | AJ14: 0 rows | AK14: null | AL14: 31.33 | AM14: 0 rows | AN14: FALSE | AO14: America/Montevideo | AP14: FALSE | AQ14: 900 | AR14: 300 | AS14: 0 | AT14: 48000 | AU14: 48000 | AV14: 0 | AW14: 14 | AX14: 0 | AY14: null | AZ14: null | BA14: 2017-06-13 15:04:42.473000 UTC | BB14: 42899.503 | BC14: null | BD14: null | BE14: 13 | BF14: PEDIDOS_YA | BG14: 2017-06-13 15:29:38.520000 UTC | BH14: 42899.521 | BI14: 2017-06-13 15:14:42.473000 UTC | BJ14: 42899.51 | BK14: null | BL14: completed | BM14: 0 rows | BN14: 48000 | BO14: 24 | BP14: null | BQ14: b44a3a790311b8c59df9e78218b840be6ee35ab7fe700d1bd34af3d626ba27dd | BR14: 12 | BS14: 2017-06-13 14:59:39.570000 UTC | BT14: TRUE | BU14: null | BV14: FALSE | BW14: 12148 | BX14: 1 | BY14: America/Montevideo | BZ14: completed | CA14: null | CB14: 2695 | CC14: 2017-06-13 14:59:41.135000 UTC | CD14: null | CE14: 2017-06-13 15:01:17.075000 UTC | CF14: null | CG14: 2017-06-13 15:05:38.697000 UTC | CH14: null | CI14: 2017-06-13 15:06:01.851000 UTC | CJ14: null | CK14: null | CL14: null | CM14: SXK1SFLNFPRRT0R5KKOBNUAOWAY4SEJZZEPTRMVHB | CN14: null | CO14: 3 | CP14: null | CQ14: null | CR14: null | CS14: null | CT14: null | CU14: null | CV14: null | CW14: null | CX14: null | CY14: 448c2e96fad9eabd7b2edc8201b263630da2d178b983d88288067c99e9534a65 | CZ14: completed | DA14: 12148 | DB14: null | DC14: 2017-06-13 15:06:01.849000 UTC | DD14: SXK1SFLNFPRRT0R5KKOBNUAOWAY4SEJZZEPTRMVHB | DE14: 3 | DF14: null | DG14: null | DH14: null | DI14: null | DJ14: null | DK14: null | DL14: null | DM14: null | DN14: null | DO14: null | DP14: null | DQ14: TRUE | DR14: TRUE | DS14: 42899.504 | DT14: null | DU14: null | DV14: 0 | DW14: 0 | DX14: null | DY14: null | DZ14: null | EA14: null | EB14: null | EC14: 0 | ED14: FALSE | EE14: FALSE | EF14: null | EG14: 0 | EH14: null | EI14: 0 | EJ14: 0 | EK14: 0 | EL14: 0 | EM14: null | EN14: null | EO14: null | EP14: null | EQ14: 0 | ER14: 0 | ES14: 0 | ET14: 0 | EU14: 0 | EV14: 0 | EW14: 0 | EX14: null | EY14: 42899.5 | EZ14: 42899.5 | FA14: null | FB14: 42899.501 | FC14: null | FD14: 42899.504 | FE14: null | FF14: 42899.504 | FG14: null | FH14: null | FI14: null | FJ14: null | FK14: null | FL14: null | FM14: 1 | FN14: 0 | FO14: null | FP14: null | FQ14: null | FR14: 8JDWOAT69X8GCWBBPUHJNQDQQX5GRGVJEMTV2NQ6XA | FS14: 3 | FT14: 44641 | FU14: Brys | FV14: null | FW14: null | FX14: POINT(-56.1587982177734 -34.9240989685059) | FY14: restaurants | FZ14: null | GA14: null | GB14: null | GC14: 0 | GD14: 302 | GE14: 0 | GF14: 0 | GG14: null | GH14: 0 | GI14: 0 | GJ14: null | GK14: null | GL14: null | GM14: null | GN14: null | GO14: null | GP14: null | GQ14: null | GR14: null | GS14: null | GT14: null | GU14: null | GV14: null | GW14: 0 | GX14: 0 | GY14: 0 | GZ14: 0 | HA14: null | HB14: 0 | HC14: 0 | HD14: 0 | HE14: 0 | HF14: 0 | HG14: 1800 | HH14: null | HI14: null | HJ14: null | HK14: 0 | HL14: 0 | HM14: 0 | HN14: 0 | HO14: 0 | HP14: 0 | HQ14: 1 | HR14: 42899.504 | HS14: 1 | HT14: 0 | HU14: 98 | HV14: null | HW14: 45324.94 | HX14: null | HY14: null | HZ14: null
A15: 12 | B15: d4ba60938430e61a272dfe15ca823d1149e9e5961f0e08317ba947f7eb1d7e76 | C15: uy | D15: 1 | E15: uy | F15: UY | G15: Uruguay | H15: Uruguay | I15: Americas | J15: 15 | K15: 28713 | L15: 30702057 | M15: 30702057 | N15: 44641 | O15: PY_UY | P15: PY - Uruguay | Q15: PY | R15: 42899 | S15: 2017-06-13 16:54:45.006000 UTC | T15: 42899 | U15: 42899.58 | V15: 2017-06-13 16:54:44.334000 UTC | W15: 42899.58 | X15: 1 | Y15: Montevideo | Z15: 250000 | AA15: 1 | AB15: Sur | AC15: sur | AD15: TRUE | AE15: TRUE | AF15: 2018-10-18 15:23:19.096459 UTC | AG15: 2024-02-02 06:13:06.982388 UTC | AH15: POLYGON((-56.2140641 -34.9105614, -56.2122131 -34.9116604, -56.2102171 -34.9121354, -56.2083561 -34.9116524, -56.2046171 -34.9106924, -56.2019351 -34.9106574, -56.1979871 -34.9120654, -56.1939951 -34.9128924, -56.1868931 -34.9158484, -56.1847041 -34.9160594, -56.1827301 -34.9156194, -56.1792541 -34.9150914, -56.1760141 -34.9148454, -56.1730311 -34.9148454, -56.1706071 -34.9152504, -56.1695601 -34.9179874, -56.1709711 -34.9190684, -56.1725033259964 -34.9198274320558, -56.1721694547292 -34.9207211460853, -56.1711226473097 -34.9214802015123, -56.1712534946916 -34.9228167898634, -56.1717219910535 -34.9231528641264, -56.1720383981293 -34.9243939260158, -56.171549069129 -34.9252213453885, -56.1707141 -34.9251734, -56.1692331 -34.9252964, -56.1669371 -34.9260524, -56.1621791 -34.9293174, -56.1605481 -34.9308304, -56.1607631 -34.9325544, -56.1637241 -34.9325194, -56.1636811 -34.9331174, -56.1616641 -34.9340674, -56.1607201 -34.9353684, -56.1605051 -34.9364944, -56.1599901 -34.9378314, -56.1587891 -34.9334334, -56.1587891 -34.9287194, -56.1577101 -34.9275654, -56.1538101 -34.9250594, -56.1496911 -34.9222444, -56.1455711 -34.9201334, -56.1455711 -34.9190074, -56.1481831 -34.9182934, -56.1482481 -34.9162524, -56.1472821 -34.9141944, -56.1425401 -34.9105874, -56.1402491 -34.9112654, -56.1383611 -34.9121104, -56.1357861 -34.9109844, -56.1330391 -34.9122514, -56.1308081 -34.9116884, -56.1300091 -34.9110444, -56.1296061 -34.9098584, -56.1328681 -34.9090134, -56.1331411 -34.9077544, -56.1318381 -34.9047904, -56.1275461 -34.9059164, -56.1257281 -34.9054404, -56.1239251 -34.9046304, -56.1231501 -34.9021994, -56.121892 -34.8998624, -56.1200952516811 -34.8986910838319, -56.1165761947632 -34.8976175481557, -56.1138939857483 -34.898251111891, -56.1117696762085 -34.897406359158, -56.1122417449951 -34.896526398082, -56.1187219619751 -34.8871806425717, -56.1239790916443 -34.8868814197189, -56.1314464503675 -34.8798409383652, -56.1385488510132 -34.8739610065961, -56.1558651911037 -34.874805999307, -56.1743831634522 -34.88110797066, -56.1859703063965 -34.8811959835985, -56.1971743 -34.8833678, -56.1981582641602 -34.8879726968254, -56.196870803833 -34.8981807161617, -56.1991291 -34.8995814, -56.2030506134033 -34.9005741371092, -56.2091445922852 -34.9026155292723, -56.2160968780518 -34.9051496006743, -56.2140641 -34.9105614)) | AI15: 0 rows | AJ15: 0 rows | AK15: null | AL15: 31.33 | AM15: 0 rows | AN15: FALSE | AO15: America/Montevideo | AP15: FALSE | AQ15: 900 | AR15: 300 | AS15: 0 | AT15: 21000 | AU15: 21000 | AV15: 0 | AW15: 20 | AX15: 0 | AY15: 2017-06-13 16:55:21.478000 UTC | AZ15: 42899.58 | BA15: 2017-06-13 16:54:52.671000 UTC | BB15: 42899.58 | BC15: null | BD15: null | BE15: 13 | BF15: PEDIDOS_YA | BG15: 2017-06-13 17:24:44.344000 UTC | BH15: 42899.601 | BI15: 2017-06-13 17:09:52.671000 UTC | BJ15: 42899.59 | BK15: null | BL15: completed | BM15: 0 rows | BN15: 21000 | BO15: 10 | BP15: null | BQ15: a2da48e2c0616d0454a66b4b9d7870a858a0c3d56f49acc35e050e30f1f5c6cc | BR15: 17 | BS15: 2017-06-13 16:54:45.015000 UTC | BT15: TRUE | BU15: null | BV15: FALSE | BW15: 12148 | BX15: 1 | BY15: America/Montevideo | BZ15: completed | CA15: null | CB15: 248 | CC15: 2017-06-13 16:54:52.685000 UTC | CD15: null | CE15: 2017-06-13 16:58:41.890000 UTC | CF15: null | CG15: 2017-06-13 17:21:29.286000 UTC | CH15: null | CI15: 2017-06-13 17:33:59.212000 UTC | CJ15: null | CK15: null | CL15: null | CM15: WAUPSKAPXTJMRO2ZTPKK8AKCACME4PE9OA0RPFGZI | CN15: null | CO15: 3 | CP15: null | CQ15: null | CR15: null | CS15: null | CT15: null | CU15: null | CV15: null | CW15: null | CX15: null | CY15: 939a6eda0d87d533325233f83b6cf6ad4969d28c66de739a22044feb0de1ed59 | CZ15: completed | DA15: 12148 | DB15: null | DC15: 2017-06-13 17:33:59.209000 UTC | DD15: WAUPSKAPXTJMRO2ZTPKK8AKCACME4PE9OA0RPFGZI | DE15: 3 | DF15: null | DG15: null | DH15: null | DI15: null | DJ15: null | DK15: null | DL15: null | DM15: null | DN15: null | DO15: null | DP15: null | DQ15: TRUE | DR15: TRUE | DS15: 42899.607 | DT15: null | DU15: null | DV15: 0 | DW15: 0 | DX15: null | DY15: null | DZ15: null | EA15: null | EB15: null | EC15: 0 | ED15: FALSE | EE15: FALSE | EF15: null | EG15: 0 | EH15: null | EI15: 0 | EJ15: 0 | EK15: 0 | EL15: 0 | EM15: null | EN15: null | EO15: null | EP15: null | EQ15: 0 | ER15: 0 | ES15: 0 | ET15: 0 | EU15: 0 | EV15: 0 | EW15: 0 | EX15: null | EY15: 42899.58 | EZ15: 42899.58 | FA15: null | FB15: 42899.582 | FC15: null | FD15: 42899.598 | FE15: null | FF15: 42899.607 | FG15: null | FH15: null | FI15: null | FJ15: null | FK15: null | FL15: null | FM15: 1 | FN15: 0 | FO15: null | FP15: null | FQ15: null | FR15: SQRXT9CHQZW5SJLZTKD6NIKG1VUZHPMSTOSBQYPG5TM | FS15: 3 | FT15: 44641 | FU15: Brys | FV15: null | FW15: null | FX15: POINT(-56.1587982177734 -34.9240989685059) | FY15: restaurants | FZ15: null | GA15: null | GB15: null | GC15: 0 | GD15: 7 | GE15: 28 | GF15: 0 | GG15: null | GH15: 0 | GI15: 0 | GJ15: null | GK15: null | GL15: null | GM15: null | GN15: null | GO15: null | GP15: null | GQ15: null | GR15: null | GS15: null | GT15: null | GU15: null | GV15: null | GW15: 0 | GX15: 0 | GY15: 0 | GZ15: 0 | HA15: null | HB15: 0 | HC15: 0 | HD15: 0 | HE15: 0 | HF15: 0 | HG15: 1800 | HH15: null | HI15: null | HJ15: null | HK15: 0 | HL15: 0 | HM15: 0 | HN15: 0 | HO15: 0 | HP15: 0 | HQ15: 1 | HR15: 42899.607 | HS15: 1 | HT15: 0 | HU15: 237 | HV15: null | HW15: 45324.94 | HX15: null | HY15: null | HZ15: null
A16: 13 | B16: a483f3b36f855ce865c9eb2e947927fa8a100130efddfd91a92b222c1b839dac | C16: uy | D16: 1 | E16: uy | F16: UY | G16: Uruguay | H16: Uruguay | I16: Americas | J16: 11 | K16: 28649 | L16: 30697850 | M16: 30697850 | N16: 44641 | O16: PY_UY | P16: PY - Uruguay | Q16: PY | R16: 42899 | S16: 2017-06-13 15:11:43.653000 UTC | T16: 42899 | U16: 42899.508 | V16: 2017-06-13 15:11:42.637000 UTC | W16: 42899.508 | X16: 1 | Y16: Montevideo | Z16: 250000 | AA16: 1 | AB16: Sur | AC16: sur | AD16: TRUE | AE16: TRUE | AF16: 2018-10-18 15:23:19.096459 UTC | AG16: 2024-02-02 06:13:06.982388 UTC | AH16: POLYGON((-56.2140641 -34.9105614, -56.2122131 -34.9116604, -56.2102171 -34.9121354, -56.2083561 -34.9116524, -56.2046171 -34.9106924, -56.2019351 -34.9106574, -56.1979871 -34.9120654, -56.1939951 -34.9128924, -56.1868931 -34.9158484, -56.1847041 -34.9160594, -56.1827301 -34.9156194, -56.1792541 -34.9150914, -56.1760141 -34.9148454, -56.1730311 -34.9148454, -56.1706071 -34.9152504, -56.1695601 -34.9179874, -56.1709711 -34.9190684, -56.1725033259964 -34.9198274320558, -56.1721694547292 -34.9207211460853, -56.1711226473097 -34.9214802015123, -56.1712534946916 -34.9228167898634, -56.1717219910535 -34.9231528641264, -56.1720383981293 -34.9243939260158, -56.171549069129 -34.9252213453885, -56.1707141 -34.9251734, -56.1692331 -34.9252964, -56.1669371 -34.9260524, -56.1621791 -34.9293174, -56.1605481 -34.9308304, -56.1607631 -34.9325544, -56.1637241 -34.9325194, -56.1636811 -34.9331174, -56.1616641 -34.9340674, -56.1607201 -34.9353684, -56.1605051 -34.9364944, -56.1599901 -34.9378314, -56.1587891 -34.9334334, -56.1587891 -34.9287194, -56.1577101 -34.9275654, -56.1538101 -34.9250594, -56.1496911 -34.9222444, -56.1455711 -34.9201334, -56.1455711 -34.9190074, -56.1481831 -34.9182934, -56.1482481 -34.9162524, -56.1472821 -34.9141944, -56.1425401 -34.9105874, -56.1402491 -34.9112654, -56.1383611 -34.9121104, -56.1357861 -34.9109844, -56.1330391 -34.9122514, -56.1308081 -34.9116884, -56.1300091 -34.9110444, -56.1296061 -34.9098584, -56.1328681 -34.9090134, -56.1331411 -34.9077544, -56.1318381 -34.9047904, -56.1275461 -34.9059164, -56.1257281 -34.9054404, -56.1239251 -34.9046304, -56.1231501 -34.9021994, -56.121892 -34.8998624, -56.1200952516811 -34.8986910838319, -56.1165761947632 -34.8976175481557, -56.1138939857483 -34.898251111891, -56.1117696762085 -34.897406359158, -56.1122417449951 -34.896526398082, -56.1187219619751 -34.8871806425717, -56.1239790916443 -34.8868814197189, -56.1314464503675 -34.8798409383652, -56.1385488510132 -34.8739610065961, -56.1558651911037 -34.874805999307, -56.1743831634522 -34.88110797066, -56.1859703063965 -34.8811959835985, -56.1971743 -34.8833678, -56.1981582641602 -34.8879726968254, -56.196870803833 -34.8981807161617, -56.1991291 -34.8995814, -56.2030506134033 -34.9005741371092, -56.2091445922852 -34.9026155292723, -56.2160968780518 -34.9051496006743, -56.2140641 -34.9105614)) | AI16: 0 rows | AJ16: 0 rows | AK16: null | AL16: 31.33 | AM16: 0 rows | AN16: FALSE | AO16: America/Montevideo | AP16: FALSE | AQ16: 900 | AR16: 300 | AS16: 0 | AT16: 9500 | AU16: 9500 | AV16: 0 | AW16: 15 | AX16: 0 | AY16: 2017-06-13 15:18:57.452000 UTC | AZ16: 42899.513 | BA16: 2017-06-13 15:18:21.006000 UTC | BB16: 42899.513 | BC16: null | BD16: null | BE16: 13 | BF16: PEDIDOS_YA | BG16: 2017-06-13 15:41:42.648000 UTC | BH16: 42899.529 | BI16: 2017-06-13 15:33:21.006000 UTC | BJ16: 42899.523 | BK16: null | BL16: completed | BM16: 0 rows | BN16: 9500 | BO16: 4 | BP16: null | BQ16: d6aba6adb055167815ef33f7fb0e88565f879b8e57af482b87b237f0940f6b4f | BR16: 13 | BS16: 2017-06-13 15:11:43.662000 UTC | BT16: TRUE | BU16: null | BV16: FALSE | BW16: 12148 | BX16: 1 | BY16: America/Montevideo | BZ16: completed | CA16: null | CB16: 2083 | CC16: 2017-06-13 15:11:47.693000 UTC | CD16: null | CE16: 2017-06-13 15:14:55.687000 UTC | CF16: null | CG16: 2017-06-13 15:31:56.919000 UTC | CH16: null | CI16: 2017-06-13 15:42:48.723000 UTC | CJ16: null | CK16: null | CL16: null | CM16: ST47KS4NQODI1QG7SB9XYFYSRE11IRT19N0JIJJ1 | CN16: null | CO16: 3 | CP16: null | CQ16: null | CR16: null | CS16: null | CT16: null | CU16: null | CV16: null | CW16: null | CX16: null | CY16: b41b78a83c53f02c822c815ee24f942572d9a91f52e7de499e48b5d5cbaa58c8 | CZ16: completed | DA16: 12148 | DB16: null | DC16: 2017-06-13 15:42:48.721000 UTC | DD16: ST47KS4NQODI1QG7SB9XYFYSRE11IRT19N0JIJJ1 | DE16: 3 | DF16: null | DG16: null | DH16: null | DI16: null | DJ16: null | DK16: null | DL16: null | DM16: null | DN16: null | DO16: null | DP16: null | DQ16: TRUE | DR16: TRUE | DS16: 42899.53 | DT16: null | DU16: null | DV16: 0 | DW16: 0 | DX16: null | DY16: null | DZ16: null | EA16: null | EB16: null | EC16: 0 | ED16: FALSE | EE16: FALSE | EF16: null | EG16: 0 | EH16: null | EI16: 0 | EJ16: 0 | EK16: 0 | EL16: 0 | EM16: null | EN16: null | EO16: null | EP16: null | EQ16: 0 | ER16: 0 | ES16: 0 | ET16: 105 | EU16: 0 | EV16: 105 | EW16: 0 | EX16: null | EY16: 42899.508 | EZ16: 42899.508 | FA16: null | FB16: 42899.51 | FC16: null | FD16: 42899.522 | FE16: null | FF16: 42899.53 | FG16: null | FH16: null | FI16: null | FJ16: null | FK16: null | FL16: null | FM16: 1 | FN16: 0 | FO16: null | FP16: null | FQ16: null | FR16: APVEEXQNTVHWY6R8JUNY6C6IVI11JJOI6CEDCYPNEUD | FS16: 3 | FT16: 44641 | FU16: Brys | FV16: null | FW16: null | FX16: POINT(-56.1587982177734 -34.9240989685059) | FY16: restaurants | FZ16: null | GA16: null | GB16: null | GC16: 0 | GD16: 397 | GE16: 36 | GF16: 0 | GG16: null | GH16: 0 | GI16: 0 | GJ16: null | GK16: null | GL16: null | GM16: null | GN16: null | GO16: null | GP16: null | GQ16: null | GR16: null | GS16: null | GT16: null | GU16: null | GV16: null | GW16: 0 | GX16: 0 | GY16: 0 | GZ16: 0 | HA16: null | HB16: 0 | HC16: 105 | HD16: 0 | HE16: 105 | HF16: 0 | HG16: 1800 | HH16: null | HI16: null | HJ16: null | HK16: 0 | HL16: 0 | HM16: 0 | HN16: 0 | HO16: 0 | HP16: 0 | HQ16: 1 | HR16: 42899.53 | HS16: 1 | HT16: 0 | HU16: 193 | HV16: null | HW16: 45324.94 | HX16: null | HY16: null | HZ16: null
A17: 14 | B17: 960ff1a9d079c736bbe174f2d3b7460a03b2b8cb88fc10fc62bb6bbc6ac6cd61 | C17: uy | D17: 1 | E17: uy | F17: UY | G17: Uruguay | H17: Uruguay | I17: Americas | J17: 17 | K17: 28730 | L17: 30703118 | M17: 30703118 | N17: 41413 | O17: PY_UY | P17: PY - Uruguay | Q17: PY | R17: 42899 | S17: 2017-06-13 17:29:30.429000 UTC | T17: 42899 | U17: 42899.604 | V17: 2017-06-13 17:29:29.768000 UTC | W17: 42899.604 | X17: 1 | Y17: Montevideo | Z17: 250000 | AA17: 1 | AB17: Sur | AC17: sur | AD17: TRUE | AE17: TRUE | AF17: 2018-10-18 15:23:19.096459 UTC | AG17: 2024-02-02 06:13:06.982388 UTC | AH17: POLYGON((-56.2140641 -34.9105614, -56.2122131 -34.9116604, -56.2102171 -34.9121354, -56.2083561 -34.9116524, -56.2046171 -34.9106924, -56.2019351 -34.9106574, -56.1979871 -34.9120654, -56.1939951 -34.9128924, -56.1868931 -34.9158484, -56.1847041 -34.9160594, -56.1827301 -34.9156194, -56.1792541 -34.9150914, -56.1760141 -34.9148454, -56.1730311 -34.9148454, -56.1706071 -34.9152504, -56.1695601 -34.9179874, -56.1709711 -34.9190684, -56.1725033259964 -34.9198274320558, -56.1721694547292 -34.9207211460853, -56.1711226473097 -34.9214802015123, -56.1712534946916 -34.9228167898634, -56.1717219910535 -34.9231528641264, -56.1720383981293 -34.9243939260158, -56.171549069129 -34.9252213453885, -56.1707141 -34.9251734, -56.1692331 -34.9252964, -56.1669371 -34.9260524, -56.1621791 -34.9293174, -56.1605481 -34.9308304, -56.1607631 -34.9325544, -56.1637241 -34.9325194, -56.1636811 -34.9331174, -56.1616641 -34.9340674, -56.1607201 -34.9353684, -56.1605051 -34.9364944, -56.1599901 -34.9378314, -56.1587891 -34.9334334, -56.1587891 -34.9287194, -56.1577101 -34.9275654, -56.1538101 -34.9250594, -56.1496911 -34.9222444, -56.1455711 -34.9201334, -56.1455711 -34.9190074, -56.1481831 -34.9182934, -56.1482481 -34.9162524, -56.1472821 -34.9141944, -56.1425401 -34.9105874, -56.1402491 -34.9112654, -56.1383611 -34.9121104, -56.1357861 -34.9109844, -56.1330391 -34.9122514, -56.1308081 -34.9116884, -56.1300091 -34.9110444, -56.1296061 -34.9098584, -56.1328681 -34.9090134, -56.1331411 -34.9077544, -56.1318381 -34.9047904, -56.1275461 -34.9059164, -56.1257281 -34.9054404, -56.1239251 -34.9046304, -56.1231501 -34.9021994, -56.121892 -34.8998624, -56.1200952516811 -34.8986910838319, -56.1165761947632 -34.8976175481557, -56.1138939857483 -34.898251111891, -56.1117696762085 -34.897406359158, -56.1122417449951 -34.896526398082, -56.1187219619751 -34.8871806425717, -56.1239790916443 -34.8868814197189, -56.1314464503675 -34.8798409383652, -56.1385488510132 -34.8739610065961, -56.1558651911037 -34.874805999307, -56.1743831634522 -34.88110797066, -56.1859703063965 -34.8811959835985, -56.1971743 -34.8833678, -56.1981582641602 -34.8879726968254, -56.196870803833 -34.8981807161617, -56.1991291 -34.8995814, -56.2030506134033 -34.9005741371092, -56.2091445922852 -34.9026155292723, -56.2160968780518 -34.9051496006743, -56.2140641 -34.9105614)) | AI17: 0 rows | AJ17: 0 rows | AK17: null | AL17: 31.33 | AM17: 0 rows | AN17: FALSE | AO17: America/Montevideo | AP17: FALSE | AQ17: 900 | AR17: 300 | AS17: 0 | AT17: 21700 | AU17: 21700 | AV17: 0 | AW17: 22 | AX17: 0 | AY17: 2017-06-13 17:30:39.733000 UTC | AZ17: 42899.605 | BA17: 2017-06-13 17:30:01.237000 UTC | BB17: 42899.604 | BC17: null | BD17: null | BE17: 17 | BF17: PEDIDOS_YA | BG17: 2017-06-13 17:59:29.783000 UTC | BH17: 42899.625 | BI17: 2017-06-13 17:45:01.237000 UTC | BJ17: 42899.615 | BK17: null | BL17: completed | BM17: 0 rows | BN17: 21700 | BO17: 10 | BP17: null | BQ17: 8d1c1e07a858189415bccda0643354d8c605f7b27622538552569cb14f005bce | BR17: 19 | BS17: 2017-06-13 17:29:30.438000 UTC | BT17: TRUE | BU17: null | BV17: FALSE | BW17: 12147 | BX17: 1 | BY17: America/Montevideo | BZ17: completed | CA17: null | CB17: 406 | CC17: 2017-06-13 17:30:01.252000 UTC | CD17: null | CE17: 2017-06-13 17:31:14.818000 UTC | CF17: null | CG17: 2017-06-13 17:47:12.960000 UTC | CH17: null | CI17: 2017-06-13 17:54:21.322000 UTC | CJ17: null | CK17: null | CL17: null | CM17: WMEESJBM1I46RTTEVGHVG8K7ZFB30ZINWOWNSLUUHKH | CN17: null | CO17: 3 | CP17: null | CQ17: null | CR17: null | CS17: null | CT17: null | CU17: null | CV17: null | CW17: null | CX17: null | CY17: 3c810790ecf1050ed0b12e8b5e296cefa92204b88ac4ad71c0150d8e7cb7f97f | CZ17: completed | DA17: 12147 | DB17: null | DC17: 2017-06-13 17:54:21.320000 UTC | DD17: WMEESJBM1I46RTTEVGHVG8K7ZFB30ZINWOWNSLUUHKH | DE17: 3 | DF17: null | DG17: null | DH17: null | DI17: null | DJ17: null | DK17: null | DL17: null | DM17: null | DN17: null | DO17: null | DP17: null | DQ17: TRUE | DR17: TRUE | DS17: 42899.621 | DT17: null | DU17: null | DV17: 0 | DW17: 0 | DX17: null | DY17: null | DZ17: null | EA17: null | EB17: null | EC17: 0 | ED17: FALSE | EE17: FALSE | EF17: null | EG17: 0 | EH17: null | EI17: 0 | EJ17: 0 | EK17: 0 | EL17: 0 | EM17: null | EN17: null | EO17: null | EP17: null | EQ17: 0 | ER17: 0 | ES17: 0 | ET17: 113 | EU17: 0 | EV17: 113 | EW17: 0 | EX17: null | EY17: 42899.604 | EZ17: 42899.604 | FA17: null | FB17: 42899.605 | FC17: null | FD17: 42899.616 | FE17: null | FF17: 42899.621 | FG17: null | FH17: null | FI17: null | FJ17: null | FK17: null | FL17: null | FM17: 1 | FN17: 0 | FO17: null | FP17: null | FQ17: null | FR17: EWMOGBRKWVU4JUS476LXHTHZJTMBWID50ZMEZVCC2BJ | FS17: 4 | FT17: 41413 | FU17: Crepería Pocitos | FV17: null | FW17: null | FX17: POINT(-56.1441993713379 -34.9085998535156) | FY17: restaurants | FZ17: null | GA17: null | GB17: null | GC17: 0 | GD17: 30 | GE17: 38 | GF17: 0 | GG17: null | GH17: 0 | GI17: 0 | GJ17: null | GK17: null | GL17: null | GM17: null | GN17: null | GO17: null | GP17: null | GQ17: null | GR17: null | GS17: null | GT17: null | GU17: null | GV17: null | GW17: 0 | GX17: 0 | GY17: 0 | GZ17: 0 | HA17: null | HB17: 0 | HC17: 113 | HD17: 0 | HE17: 113 | HF17: 0 | HG17: 1800 | HH17: null | HI17: null | HJ17: null | HK17: 0 | HL17: 0 | HM17: 0 | HN17: 0 | HO17: 0 | HP17: 0 | HQ17: 1 | HR17: 42899.621 | HS17: 1 | HT17: 0 | HU17: 105 | HV17: null | HW17: 45324.94 | HX17: null | HY17: null | HZ17: null
A18: 15 | B18: 939c1cbf9cba7ecc72d8991d14d391375d033bba94a22c0bb2b7c928046e5300 | C18: uy | D18: 1 | E18: uy | F18: UY | G18: Uruguay | H18: Uruguay | I18: Americas | J18: 16 | K18: 28720 | L18: 30702459 | M18: 30702459 | N18: 41413 | O18: PY_UY | P18: PY - Uruguay | Q18: PY | R18: 42899 | S18: 2017-06-13 17:07:10.538000 UTC | T18: 42899 | U18: 42899.588 | V18: 2017-06-13 17:07:09.801000 UTC | W18: 42899.588 | X18: 1 | Y18: Montevideo | Z18: 250000 | AA18: 1 | AB18: Sur | AC18: sur | AD18: TRUE | AE18: TRUE | AF18: 2018-10-18 15:23:19.096459 UTC | AG18: 2024-02-02 06:13:06.982388 UTC | AH18: POLYGON((-56.2140641 -34.9105614, -56.2122131 -34.9116604, -56.2102171 -34.9121354, -56.2083561 -34.9116524, -56.2046171 -34.9106924, -56.2019351 -34.9106574, -56.1979871 -34.9120654, -56.1939951 -34.9128924, -56.1868931 -34.9158484, -56.1847041 -34.9160594, -56.1827301 -34.9156194, -56.1792541 -34.9150914, -56.1760141 -34.9148454, -56.1730311 -34.9148454, -56.1706071 -34.9152504, -56.1695601 -34.9179874, -56.1709711 -34.9190684, -56.1725033259964 -34.9198274320558, -56.1721694547292 -34.9207211460853, -56.1711226473097 -34.9214802015123, -56.1712534946916 -34.9228167898634, -56.1717219910535 -34.9231528641264, -56.1720383981293 -34.9243939260158, -56.171549069129 -34.9252213453885, -56.1707141 -34.9251734, -56.1692331 -34.9252964, -56.1669371 -34.9260524, -56.1621791 -34.9293174, -56.1605481 -34.9308304, -56.1607631 -34.9325544, -56.1637241 -34.9325194, -56.1636811 -34.9331174, -56.1616641 -34.9340674, -56.1607201 -34.9353684, -56.1605051 -34.9364944, -56.1599901 -34.9378314, -56.1587891 -34.9334334, -56.1587891 -34.9287194, -56.1577101 -34.9275654, -56.1538101 -34.9250594, -56.1496911 -34.9222444, -56.1455711 -34.9201334, -56.1455711 -34.9190074, -56.1481831 -34.9182934, -56.1482481 -34.9162524, -56.1472821 -34.9141944, -56.1425401 -34.9105874, -56.1402491 -34.9112654, -56.1383611 -34.9121104, -56.1357861 -34.9109844, -56.1330391 -34.9122514, -56.1308081 -34.9116884, -56.1300091 -34.9110444, -56.1296061 -34.9098584, -56.1328681 -34.9090134, -56.1331411 -34.9077544, -56.1318381 -34.9047904, -56.1275461 -34.9059164, -56.1257281 -34.9054404, -56.1239251 -34.9046304, -56.1231501 -34.9021994, -56.121892 -34.8998624, -56.1200952516811 -34.8986910838319, -56.1165761947632 -34.8976175481557, -56.1138939857483 -34.898251111891, -56.1117696762085 -34.897406359158, -56.1122417449951 -34.896526398082, -56.1187219619751 -34.8871806425717, -56.1239790916443 -34.8868814197189, -56.1314464503675 -34.8798409383652, -56.1385488510132 -34.8739610065961, -56.1558651911037 -34.874805999307, -56.1743831634522 -34.88110797066, -56.1859703063965 -34.8811959835985, -56.1971743 -34.8833678, -56.1981582641602 -34.8879726968254, -56.196870803833 -34.8981807161617, -56.1991291 -34.8995814, -56.2030506134033 -34.9005741371092, -56.2091445922852 -34.9026155292723, -56.2160968780518 -34.9051496006743, -56.2140641 -34.9105614)) | AI18: 0 rows | AJ18: 0 rows | AK18: null | AL18: 31.33 | AM18: 0 rows | AN18: FALSE | AO18: America/Montevideo | AP18: FALSE | AQ18: 900 | AR18: 300 | AS18: 0 | AT18: 60000 | AU18: 60000 | AV18: 0 | AW18: 21 | AX18: 0 | AY18: 2017-06-13 17:08:32.675000 UTC | AZ18: 42899.589 | BA18: 2017-06-13 17:08:10.059000 UTC | BB18: 42899.589 | BC18: null | BD18: null | BE18: 17 | BF18: PEDIDOS_YA | BG18: 2017-06-13 17:37:09.815000 UTC | BH18: 42899.609 | BI18: 2017-06-13 17:23:10.059000 UTC | BJ18: 42899.599 | BK18: null | BL18: completed | BM18: 0 rows | BN18: 60000 | BO18: 30 | BP18: null | BQ18: 2447b0015f29ea18f3bbc9a62c44bac334e0a8245420c32af037a63e81eaeb21 | BR18: 18 | BS18: 2017-06-13 17:07:10.545000 UTC | BT18: TRUE | BU18: null | BV18: FALSE | BW18: 12147 | BX18: 1 | BY18: America/Montevideo | BZ18: completed | CA18: null | CB18: 2068 | CC18: 2017-06-13 17:08:10.072000 UTC | CD18: null | CE18: 2017-06-13 17:09:28.497000 UTC | CF18: null | CG18: 2017-06-13 17:10:04.612000 UTC | CH18: null | CI18: 2017-06-13 17:10:30.619000 UTC | CJ18: null | CK18: null | CL18: null | CM18: Q4UAQTCR8CQK8ZIYNHMSBOSPXCRXD2MQG5QALPPG3N | CN18: null | CO18: 3 | CP18: null | CQ18: null | CR18: null | CS18: null | CT18: null | CU18: null | CV18: null | CW18: null | CX18: null | CY18: b32b9f24b53a53041c3cd8890d0f7e8d1147239df21d30aa4ac2add85f814c1c | CZ18: completed | DA18: 12147 | DB18: null | DC18: 2017-06-13 17:10:30.616000 UTC | DD18: Q4UAQTCR8CQK8ZIYNHMSBOSPXCRXD2MQG5QALPPG3N | DE18: 3 | DF18: null | DG18: null | DH18: null | DI18: null | DJ18: null | DK18: null | DL18: null | DM18: null | DN18: null | DO18: null | DP18: null | DQ18: TRUE | DR18: TRUE | DS18: 42899.591 | DT18: null | DU18: null | DV18: 0 | DW18: 0 | DX18: null | DY18: null | DZ18: null | EA18: null | EB18: null | EC18: 0 | ED18: FALSE | EE18: FALSE | EF18: null | EG18: 0 | EH18: null | EI18: 0 | EJ18: 0 | EK18: 0 | EL18: 0 | EM18: null | EN18: null | EO18: null | EP18: null | EQ18: 0 | ER18: 0 | ES18: 0 | ET18: 0 | EU18: 0 | EV18: 0 | EW18: 0 | EX18: null | EY18: 42899.588 | EZ18: 42899.589 | FA18: null | FB18: 42899.59 | FC18: null | FD18: 42899.59 | FE18: null | FF18: 42899.591 | FG18: null | FH18: null | FI18: null | FJ18: null | FK18: null | FL18: null | FM18: 1 | FN18: 0 | FO18: null | FP18: null | FQ18: null | FR18: OQ8CDXPTNLQZLHHBUTR29O7Q9AOAUTRYPVFNGIDDS | FS18: 4 | FT18: 41413 | FU18: Crepería Pocitos | FV18: null | FW18: null | FX18: POINT(-56.1441993713379 -34.9085998535156) | FY18: restaurants | FZ18: null | GA18: null | GB18: null | GC18: 0 | GD18: 59 | GE18: 22 | GF18: 0 | GG18: null | GH18: 0 | GI18: 0 | GJ18: null | GK18: null | GL18: null | GM18: null | GN18: null | GO18: null | GP18: null | GQ18: null | GR18: null | GS18: null | GT18: null | GU18: null | GV18: null | GW18: 0 | GX18: 0 | GY18: 0 | GZ18: 0 | HA18: null | HB18: 0 | HC18: 0 | HD18: 0 | HE18: 0 | HF18: 0 | HG18: 1800 | HH18: null | HI18: null | HJ18: null | HK18: 0 | HL18: 0 | HM18: 0 | HN18: 0 | HO18: 0 | HP18: 0 | HQ18: 1 | HR18: 42899.591 | HS18: 1 | HT18: 0 | HU18: 138 | HV18: null | HW18: 45324.94 | HX18: null | HY18: null | HZ18: null
A19: 16 | B19: 0c1368f55893f840537fe0c2520e7bb8ceeae370846301db36ee56b2924b0d1b | C19: uy | D19: 1 | E19: uy | F19: UY | G19: Uruguay | H19: Uruguay | I19: Americas | J19: 13 | K19: 28691 | L19: 30700434 | M19: 30700434 | N19: 41413 | O19: PY_UY | P19: PY - Uruguay | Q19: PY | R19: 42899 | S19: 2017-06-13 16:13:43.838000 UTC | T19: 42899 | U19: 42899.551 | V19: 2017-06-13 16:13:42.708000 UTC | W19: 42899.551 | X19: 1 | Y19: Montevideo | Z19: 250000 | AA19: 1 | AB19: Sur | AC19: sur | AD19: TRUE | AE19: TRUE | AF19: 2018-10-18 15:23:19.096459 UTC | AG19: 2024-02-02 06:13:06.982388 UTC | AH19: POLYGON((-56.2140641 -34.9105614, -56.2122131 -34.9116604, -56.2102171 -34.9121354, -56.2083561 -34.9116524, -56.2046171 -34.9106924, -56.2019351 -34.9106574, -56.1979871 -34.9120654, -56.1939951 -34.9128924, -56.1868931 -34.9158484, -56.1847041 -34.9160594, -56.1827301 -34.9156194, -56.1792541 -34.9150914, -56.1760141 -34.9148454, -56.1730311 -34.9148454, -56.1706071 -34.9152504, -56.1695601 -34.9179874, -56.1709711 -34.9190684, -56.1725033259964 -34.9198274320558, -56.1721694547292 -34.9207211460853, -56.1711226473097 -34.9214802015123, -56.1712534946916 -34.9228167898634, -56.1717219910535 -34.9231528641264, -56.1720383981293 -34.9243939260158, -56.171549069129 -34.9252213453885, -56.1707141 -34.9251734, -56.1692331 -34.9252964, -56.1669371 -34.9260524, -56.1621791 -34.9293174, -56.1605481 -34.9308304, -56.1607631 -34.9325544, -56.1637241 -34.9325194, -56.1636811 -34.9331174, -56.1616641 -34.9340674, -56.1607201 -34.9353684, -56.1605051 -34.9364944, -56.1599901 -34.9378314, -56.1587891 -34.9334334, -56.1587891 -34.9287194, -56.1577101 -34.9275654, -56.1538101 -34.9250594, -56.1496911 -34.9222444, -56.1455711 -34.9201334, -56.1455711 -34.9190074, -56.1481831 -34.9182934, -56.1482481 -34.9162524, -56.1472821 -34.9141944, -56.1425401 -34.9105874, -56.1402491 -34.9112654, -56.1383611 -34.9121104, -56.1357861 -34.9109844, -56.1330391 -34.9122514, -56.1308081 -34.9116884, -56.1300091 -34.9110444, -56.1296061 -34.9098584, -56.1328681 -34.9090134, -56.1331411 -34.9077544, -56.1318381 -34.9047904, -56.1275461 -34.9059164, -56.1257281 -34.9054404, -56.1239251 -34.9046304, -56.1231501 -34.9021994, -56.121892 -34.8998624, -56.1200952516811 -34.8986910838319, -56.1165761947632 -34.8976175481557, -56.1138939857483 -34.898251111891, -56.1117696762085 -34.897406359158, -56.1122417449951 -34.896526398082, -56.1187219619751 -34.8871806425717, -56.1239790916443 -34.8868814197189, -56.1314464503675 -34.8798409383652, -56.1385488510132 -34.8739610065961, -56.1558651911037 -34.874805999307, -56.1743831634522 -34.88110797066, -56.1859703063965 -34.8811959835985, -56.1971743 -34.8833678, -56.1981582641602 -34.8879726968254, -56.196870803833 -34.8981807161617, -56.1991291 -34.8995814, -56.2030506134033 -34.9005741371092, -56.2091445922852 -34.9026155292723, -56.2160968780518 -34.9051496006743, -56.2140641 -34.9105614)) | AI19: 0 rows | AJ19: 0 rows | AK19: null | AL19: 31.33 | AM19: 0 rows | AN19: FALSE | AO19: America/Montevideo | AP19: FALSE | AQ19: 900 | AR19: 300 | AS19: 0 | AT19: 19000 | AU19: 19000 | AV19: 0 | AW19: 18 | AX19: 0 | AY19: 2017-06-13 16:16:21.703000 UTC | AZ19: 42899.553 | BA19: 2017-06-13 16:15:22.595000 UTC | BB19: 42899.552 | BC19: null | BD19: null | BE19: 17 | BF19: PEDIDOS_YA | BG19: 2017-06-13 16:43:42.727000 UTC | BH19: 42899.572 | BI19: 2017-06-13 16:30:22.595000 UTC | BJ19: 42899.563 | BK19: null | BL19: completed | BM19: 0 rows | BN19: 19000 | BO19: 9 | BP19: null | BQ19: 35a3bcf8fdbc66d7d44347d991a09c483e19c84aeede45c1f26505726d3865d9 | BR19: 15 | BS19: 2017-06-13 16:13:43.849000 UTC | BT19: TRUE | BU19: null | BV19: FALSE | BW19: null | BX19: 1 | BY19: America/Montevideo | BZ19: completed | CA19: null | CB19: 2068 | CC19: 2017-06-13 16:15:31.123000 UTC | CD19: null | CE19: 2017-06-13 16:18:11.192000 UTC | CF19: null | CG19: 2017-06-13 16:20:00.070000 UTC | CH19: null | CI19: 2017-06-13 16:20:03.186000 UTC | CJ19: null | CK19: null | CL19: null | CM19: OATPJJCUXPQJEKEKWAADZ9KL8X4NWBZMXGRVDYEPLCH | CN19: null | CO19: 3 | CP19: null | CQ19: null | CR19: null | CS19: null | CT19: null | CU19: null | CV19: null | CW19: null | CX19: null | CY19: c539a2af756e332fd979fb42e203f14c882595967bfe209e764cc3ccdcc4dc19 | CZ19: completed | DA19: null | DB19: null | DC19: 2017-06-13 16:20:03.184000 UTC | DD19: OATPJJCUXPQJEKEKWAADZ9KL8X4NWBZMXGRVDYEPLCH | DE19: 3 | DF19: null | DG19: null | DH19: null | DI19: null | DJ19: null | DK19: null | DL19: null | DM19: null | DN19: null | DO19: null | DP19: null | DQ19: TRUE | DR19: TRUE | DS19: 42899.556 | DT19: null | DU19: null | DV19: 0 | DW19: 0 | DX19: null | DY19: null | DZ19: null | EA19: null | EB19: null | EC19: 0 | ED19: FALSE | EE19: FALSE | EF19: null | EG19: 0 | EH19: null | EI19: 0 | EJ19: 0 | EK19: 0 | EL19: 0 | EM19: null | EN19: null | EO19: null | EP19: null | EQ19: 0 | ER19: 0 | ES19: 0 | ET19: 0 | EU19: 0 | EV19: 0 | EW19: 0 | EX19: null | EY19: 42899.551 | EZ19: 42899.552 | FA19: null | FB19: 42899.554 | FC19: null | FD19: 42899.556 | FE19: null | FF19: 42899.556 | FG19: null | FH19: null | FI19: null | FJ19: null | FK19: null | FL19: null | FM19: 1 | FN19: 0 | FO19: null | FP19: null | FQ19: null | FR19: OQ8CDXPTNLQZLHHBUTR29O7Q9AOAUTRYPVFNGIDDS | FS19: 4 | FT19: 41413 | FU19: Crepería Pocitos | FV19: null | FW19: null | FX19: POINT(-56.1441993713379 -34.9085998535156) | FY19: restaurants | FZ19: null | GA19: null | GB19: null | GC19: 0 | GD19: 98 | GE19: 59 | GF19: 0 | GG19: null | GH19: 0 | GI19: 0 | GJ19: null | GK19: null | GL19: null | GM19: null | GN19: null | GO19: null | GP19: null | GQ19: null | GR19: null | GS19: null | GT19: null | GU19: null | GV19: null | GW19: 0 | GX19: 0 | GY19: 0 | GZ19: 0 | HA19: null | HB19: 0 | HC19: 0 | HD19: 0 | HE19: 0 | HF19: 0 | HG19: 1800 | HH19: null | HI19: null | HJ19: null | HK19: 0 | HL19: 0 | HM19: 0 | HN19: 0 | HO19: 0 | HP19: 0 | HQ19: 1 | HR19: 42899.556 | HS19: 1 | HT19: 0 | HU19: 268 | HV19: null | HW19: 45324.94 | HX19: null | HY19: null | HZ19: null
A20: 17 | B20: e2097bfd3eebf0746150c4233fcebd6a9c5db5c4e90406f205faab3cd2eb469b | C20: uy | D20: 1 | E20: uy | F20: UY | G20: Uruguay | H20: Uruguay | I20: Americas | J20: 14 | K20: 28697 | L20: 30700831 | M20: 30700831 | N20: 41413 | O20: PY_UY | P20: PY - Uruguay | Q20: PY | R20: 42899 | S20: 2017-06-13 16:22:30.818000 UTC | T20: 42899 | U20: 42899.557 | V20: 2017-06-13 16:22:29.821000 UTC | W20: 42899.557 | X20: 1 | Y20: Montevideo | Z20: 250000 | AA20: 1 | AB20: Sur | AC20: sur | AD20: TRUE | AE20: TRUE | AF20: 2018-10-18 15:23:19.096459 UTC | AG20: 2024-02-02 06:13:06.982388 UTC | AH20: POLYGON((-56.2140641 -34.9105614, -56.2122131 -34.9116604, -56.2102171 -34.9121354, -56.2083561 -34.9116524, -56.2046171 -34.9106924, -56.2019351 -34.9106574, -56.1979871 -34.9120654, -56.1939951 -34.9128924, -56.1868931 -34.9158484, -56.1847041 -34.9160594, -56.1827301 -34.9156194, -56.1792541 -34.9150914, -56.1760141 -34.9148454, -56.1730311 -34.9148454, -56.1706071 -34.9152504, -56.1695601 -34.9179874, -56.1709711 -34.9190684, -56.1725033259964 -34.9198274320558, -56.1721694547292 -34.9207211460853, -56.1711226473097 -34.9214802015123, -56.1712534946916 -34.9228167898634, -56.1717219910535 -34.9231528641264, -56.1720383981293 -34.9243939260158, -56.171549069129 -34.9252213453885, -56.1707141 -34.9251734, -56.1692331 -34.9252964, -56.1669371 -34.9260524, -56.1621791 -34.9293174, -56.1605481 -34.9308304, -56.1607631 -34.9325544, -56.1637241 -34.9325194, -56.1636811 -34.9331174, -56.1616641 -34.9340674, -56.1607201 -34.9353684, -56.1605051 -34.9364944, -56.1599901 -34.9378314, -56.1587891 -34.9334334, -56.1587891 -34.9287194, -56.1577101 -34.9275654, -56.1538101 -34.9250594, -56.1496911 -34.9222444, -56.1455711 -34.9201334, -56.1455711 -34.9190074, -56.1481831 -34.9182934, -56.1482481 -34.9162524, -56.1472821 -34.9141944, -56.1425401 -34.9105874, -56.1402491 -34.9112654, -56.1383611 -34.9121104, -56.1357861 -34.9109844, -56.1330391 -34.9122514, -56.1308081 -34.9116884, -56.1300091 -34.9110444, -56.1296061 -34.9098584, -56.1328681 -34.9090134, -56.1331411 -34.9077544, -56.1318381 -34.9047904, -56.1275461 -34.9059164, -56.1257281 -34.9054404, -56.1239251 -34.9046304, -56.1231501 -34.9021994, -56.121892 -34.8998624, -56.1200952516811 -34.8986910838319, -56.1165761947632 -34.8976175481557, -56.1138939857483 -34.898251111891, -56.1117696762085 -34.897406359158, -56.1122417449951 -34.896526398082, -56.1187219619751 -34.8871806425717, -56.1239790916443 -34.8868814197189, -56.1314464503675 -34.8798409383652, -56.1385488510132 -34.8739610065961, -56.1558651911037 -34.874805999307, -56.1743831634522 -34.88110797066, -56.1859703063965 -34.8811959835985, -56.1971743 -34.8833678, -56.1981582641602 -34.8879726968254, -56.196870803833 -34.8981807161617, -56.1991291 -34.8995814, -56.2030506134033 -34.9005741371092, -56.2091445922852 -34.9026155292723, -56.2160968780518 -34.9051496006743, -56.2140641 -34.9105614)) | AI20: 0 rows | AJ20: 0 rows | AK20: null | AL20: 31.33 | AM20: 0 rows | AN20: FALSE | AO20: America/Montevideo | AP20: FALSE | AQ20: 900 | AR20: 300 | AS20: 0 | AT20: 24200 | AU20: 24200 | AV20: 0 | AW20: 19 | AX20: 0 | AY20: 2017-06-13 16:24:06.397000 UTC | AZ20: 42899.558 | BA20: 2017-06-13 16:23:19.666000 UTC | BB20: 42899.558 | BC20: null | BD20: null | BE20: 17 | BF20: PEDIDOS_YA | BG20: 2017-06-13 16:52:29.835000 UTC | BH20: 42899.578 | BI20: 2017-06-13 16:38:19.666000 UTC | BJ20: 42899.568 | BK20: null | BL20: completed | BM20: 0 rows | BN20: 24200 | BO20: 12 | BP20: null | BQ20: 3e49027ccbac365f74609130c0f1450bbc698f6597eccd3a0eaf03ac7e87eda0 | BR20: 16 | BS20: 2017-06-13 16:22:30.829000 UTC | BT20: TRUE | BU20: null | BV20: FALSE | BW20: null | BX20: 1 | BY20: America/Montevideo | BZ20: completed | CA20: null | CB20: 2068 | CC20: 2017-06-13 16:23:10.806000 UTC | CD20: null | CE20: 2017-06-13 16:30:28.583000 UTC | CF20: null | CG20: 2017-06-13 16:31:42.512000 UTC | CH20: null | CI20: 2017-06-13 16:31:50.929000 UTC | CJ20: null | CK20: null | CL20: null | CM20: UIDHZP0RNYU8JVC5RTNRNLHA7W59FDYCJFIMRGD | CN20: null | CO20: 3 | CP20: null | CQ20: null | CR20: null | CS20: null | CT20: null | CU20: null | CV20: null | CW20: null | CX20: null | CY20: 4d23872cb1af0070589b56389a15af805159270f0f4df43a8edf6785d7f15eb7 | CZ20: completed | DA20: null | DB20: null | DC20: 2017-06-13 16:31:50.926000 UTC | DD20: UIDHZP0RNYU8JVC5RTNRNLHA7W59FDYCJFIMRGD | DE20: 3 | DF20: null | DG20: null | DH20: null | DI20: null | DJ20: null | DK20: null | DL20: null | DM20: null | DN20: null | DO20: null | DP20: null | DQ20: TRUE | DR20: TRUE | DS20: 42899.564 | DT20: null | DU20: null | DV20: 0 | DW20: 0 | DX20: null | DY20: null | DZ20: null | EA20: null | EB20: null | EC20: 0 | ED20: FALSE | EE20: FALSE | EF20: null | EG20: 0 | EH20: null | EI20: 0 | EJ20: 0 | EK20: 0 | EL20: 0 | EM20: null | EN20: null | EO20: null | EP20: null | EQ20: 0 | ER20: 0 | ES20: 0 | ET20: 0 | EU20: 0 | EV20: 0 | EW20: 0 | EX20: null | EY20: 42899.557 | EZ20: 42899.558 | FA20: null | FB20: 42899.563 | FC20: null | FD20: 42899.564 | FE20: null | FF20: 42899.564 | FG20: null | FH20: null | FI20: null | FJ20: null | FK20: null | FL20: null | FM20: 1 | FN20: 0 | FO20: null | FP20: null | FQ20: null | FR20: OQ8CDXPTNLQZLHHBUTR29O7Q9AOAUTRYPVFNGIDDS | FS20: 4 | FT20: 41413 | FU20: Crepería Pocitos | FV20: null | FW20: null | FX20: POINT(-56.1441993713379 -34.9085998535156) | FY20: restaurants | FZ20: null | GA20: null | GB20: null | GC20: 0 | GD20: 48 | GE20: 46 | GF20: 0 | GG20: null | GH20: 0 | GI20: 0 | GJ20: null | GK20: null | GL20: null | GM20: null | GN20: null | GO20: null | GP20: null | GQ20: null | GR20: null | GS20: null | GT20: null | GU20: null | GV20: null | GW20: 0 | GX20: 0 | GY20: 0 | GZ20: 0 | HA20: null | HB20: 0 | HC20: 0 | HD20: 0 | HE20: 0 | HF20: 0 | HG20: 1800 | HH20: null | HI20: null | HJ20: null | HK20: 0 | HL20: 0 | HM20: 0 | HN20: 0 | HO20: 0 | HP20: 0 | HQ20: 1 | HR20: 42899.564 | HS20: 1 | HT20: 0 | HU20: 478 | HV20: null | HW20: 45324.94 | HX20: null | HY20: null | HZ20: null
A21: 18 | B21: e2bf4916a975893250987edc36b7d1972e7a52319acb18b40a59f1733f4d942d | C21: uy | D21: 1 | E21: uy | F21: UY | G21: Uruguay | H21: Uruguay | I21: Americas | J21: 19 | K21: 29086 | L21: 30713959 | M21: 30713959 | N21: 41413 | O21: PY_UY | P21: PY - Uruguay | Q21: PY | R21: 42899 | S21: 2017-06-13 23:50:51.746000 UTC | T21: 42899 | U21: 42899.869 | V21: 2017-06-13 23:50:50.797000 UTC | W21: 42899.869 | X21: 1 | Y21: Montevideo | Z21: 250000 | AA21: 1 | AB21: Sur | AC21: sur | AD21: TRUE | AE21: TRUE | AF21: 2018-10-18 15:23:19.096459 UTC | AG21: 2024-02-02 06:13:06.982388 UTC | AH21: POLYGON((-56.2140641 -34.9105614, -56.2122131 -34.9116604, -56.2102171 -34.9121354, -56.2083561 -34.9116524, -56.2046171 -34.9106924, -56.2019351 -34.9106574, -56.1979871 -34.9120654, -56.1939951 -34.9128924, -56.1868931 -34.9158484, -56.1847041 -34.9160594, -56.1827301 -34.9156194, -56.1792541 -34.9150914, -56.1760141 -34.9148454, -56.1730311 -34.9148454, -56.1706071 -34.9152504, -56.1695601 -34.9179874, -56.1709711 -34.9190684, -56.1725033259964 -34.9198274320558, -56.1721694547292 -34.9207211460853, -56.1711226473097 -34.9214802015123, -56.1712534946916 -34.9228167898634, -56.1717219910535 -34.9231528641264, -56.1720383981293 -34.9243939260158, -56.171549069129 -34.9252213453885, -56.1707141 -34.9251734, -56.1692331 -34.9252964, -56.1669371 -34.9260524, -56.1621791 -34.9293174, -56.1605481 -34.9308304, -56.1607631 -34.9325544, -56.1637241 -34.9325194, -56.1636811 -34.9331174, -56.1616641 -34.9340674, -56.1607201 -34.9353684, -56.1605051 -34.9364944, -56.1599901 -34.9378314, -56.1587891 -34.9334334, -56.1587891 -34.9287194, -56.1577101 -34.9275654, -56.1538101 -34.9250594, -56.1496911 -34.9222444, -56.1455711 -34.9201334, -56.1455711 -34.9190074, -56.1481831 -34.9182934, -56.1482481 -34.9162524, -56.1472821 -34.9141944, -56.1425401 -34.9105874, -56.1402491 -34.9112654, -56.1383611 -34.9121104, -56.1357861 -34.9109844, -56.1330391 -34.9122514, -56.1308081 -34.9116884, -56.1300091 -34.9110444, -56.1296061 -34.9098584, -56.1328681 -34.9090134, -56.1331411 -34.9077544, -56.1318381 -34.9047904, -56.1275461 -34.9059164, -56.1257281 -34.9054404, -56.1239251 -34.9046304, -56.1231501 -34.9021994, -56.121892 -34.8998624, -56.1200952516811 -34.8986910838319, -56.1165761947632 -34.8976175481557, -56.1138939857483 -34.898251111891, -56.1117696762085 -34.897406359158, -56.1122417449951 -34.896526398082, -56.1187219619751 -34.8871806425717, -56.1239790916443 -34.8868814197189, -56.1314464503675 -34.8798409383652, -56.1385488510132 -34.8739610065961, -56.1558651911037 -34.874805999307, -56.1743831634522 -34.88110797066, -56.1859703063965 -34.8811959835985, -56.1971743 -34.8833678, -56.1981582641602 -34.8879726968254, -56.196870803833 -34.8981807161617, -56.1991291 -34.8995814, -56.2030506134033 -34.9005741371092, -56.2091445922852 -34.9026155292723, -56.2160968780518 -34.9051496006743, -56.2140641 -34.9105614)) | AI21: 0 rows | AJ21: 0 rows | AK21: null | AL21: 31.33 | AM21: 0 rows | AN21: FALSE | AO21: America/Montevideo | AP21: FALSE | AQ21: 900 | AR21: 300 | AS21: 0 | AT21: 30000 | AU21: 30000 | AV21: 0 | AW21: 24 | AX21: 0 | AY21: null | AZ21: null | BA21: null | BB21: null | BC21: null | BD21: null | BE21: 17 | BF21: PEDIDOS_YA | BG21: 2017-06-15 09:38:58.593000 UTC | BH21: 42901.277 | BI21: null | BJ21: null | BK21: null | BL21: cancelled | BM21: 0 rows | BN21: 30000 | BO21: 15 | BP21: null | BQ21: a25a980b3fc79315b335967a94751bc00811faddbdcd00f65d1a5669aac366e9 | BR21: 21 | BS21: 2017-06-13 23:50:51.758000 UTC | BT21: TRUE | BU21: null | BV21: FALSE | BW21: null | BX21: 1 | BY21: America/Montevideo | BZ21: cancelled | CA21: null | CB21: 514929 | CC21: null | CD21: null | CE21: null | CF21: null | CG21: null | CH21: null | CI21: null | CJ21: null | CK21: null | CL21: null | CM21: null | CN21: null | CO21: null | CP21: null | CQ21: null | CR21: null | CS21: null | CT21: null | CU21: null | CV21: null | CW21: null | CX21: null | CY21: d812543d446f2a29b37e55ce99f787e883576a8e6e26c02b26852e1e93517308 | CZ21: cancelled | DA21: null | DB21: null | DC21: 2017-06-14 13:57:30.387000 UTC | DD21: null | DE21: null | DF21: null | DG21: order_state_machine | DH21: null | DI21: null | DJ21: null | DK21: null | DL21: order_cancelled | DM21: null | DN21: null | DO21: null | DP21: null | DQ21: TRUE | DR21: TRUE | DS21: 42900.457 | DT21: null | DU21: null | DV21: 0 | DW21: 0 | DX21: null | DY21: null | DZ21: null | EA21: null | EB21: null | EC21: null | ED21: FALSE | EE21: null | EF21: null | EG21: 0 | EH21: null | EI21: 0 | EJ21: 0 | EK21: 0 | EL21: 0 | EM21: null | EN21: null | EO21: null | EP21: null | EQ21: 0 | ER21: 0 | ES21: 0 | ET21: 0 | EU21: 0 | EV21: 0 | EW21: 0 | EX21: null | EY21: 42899.869 | EZ21: null | FA21: null | FB21: null | FC21: null | FD21: null | FE21: null | FF21: null | FG21: null | FH21: null | FI21: null | FJ21: null | FK21: null | FL21: null | FM21: 0 | FN21: 1 | FO21: dispatcher | FP21: 12132 | FQ21: TRAFFIC_MANAGER_NO_RIDER | FR21: ALM9IGBQVFRJ3XGSUEBXQWRJXUUUTB8LXWBAYYINGZ | FS21: 4 | FT21: 41413 | FU21: Crepería Pocitos | FV21: null | FW21: null | FX21: POINT(-56.1441993713379 -34.9085998535156) | FY21: restaurants | FZ21: null | GA21: null | GB21: null | GC21: 0 | GD21: 0 | GE21: 0 | GF21: 0 | GG21: null | GH21: 0 | GI21: 0 | GJ21: null | GK21: null | GL21: null | GM21: null | GN21: null | GO21: null | GP21: null | GQ21: null | GR21: null | GS21: null | GT21: null | GU21: null | GV21: null | GW21: 0 | GX21: 0 | GY21: 0 | GZ21: 0 | HA21: null | HB21: 0 | HC21: 0 | HD21: 0 | HE21: 0 | HF21: 0 | HG21: 121687 | HH21: null | HI21: null | HJ21: null | HK21: 0 | HL21: 0 | HM21: 0 | HN21: 0 | HO21: 0 | HP21: 0 | HQ21: 0 | HR21: null | HS21: 0 | HT21: 1 | HU21: null | HV21: null | HW21: 45324.94 | HX21: null | HY21: null | HZ21: null
A22: 19 | B22: cd302095939946893c0ce9569a899af98e8905dfe05d0a2c6cf273af23386605 | C22: uy | D22: 1 | E22: uy | F22: UY | G22: Uruguay | H22: Uruguay | I22: Americas | J22: 20 | K22: 29087 | L22: 30714000 | M22: 30714000 | N22: 41413 | O22: PY_UY | P22: PY - Uruguay | Q22: PY | R22: 42899 | S22: 2017-06-13 23:51:16.947000 UTC | T22: 42899 | U22: 42899.869 | V22: 2017-06-13 23:51:16.194000 UTC | W22: 42899.869 | X22: 1 | Y22: Montevideo | Z22: 250000 | AA22: 1 | AB22: Sur | AC22: sur | AD22: TRUE | AE22: TRUE | AF22: 2018-10-18 15:23:19.096459 UTC | AG22: 2024-02-02 06:13:06.982388 UTC | AH22: POLYGON((-56.2140641 -34.9105614, -56.2122131 -34.9116604, -56.2102171 -34.9121354, -56.2083561 -34.9116524, -56.2046171 -34.9106924, -56.2019351 -34.9106574, -56.1979871 -34.9120654, -56.1939951 -34.9128924, -56.1868931 -34.9158484, -56.1847041 -34.9160594, -56.1827301 -34.9156194, -56.1792541 -34.9150914, -56.1760141 -34.9148454, -56.1730311 -34.9148454, -56.1706071 -34.9152504, -56.1695601 -34.9179874, -56.1709711 -34.9190684, -56.1725033259964 -34.9198274320558, -56.1721694547292 -34.9207211460853, -56.1711226473097 -34.9214802015123, -56.1712534946916 -34.9228167898634, -56.1717219910535 -34.9231528641264, -56.1720383981293 -34.9243939260158, -56.171549069129 -34.9252213453885, -56.1707141 -34.9251734, -56.1692331 -34.9252964, -56.1669371 -34.9260524, -56.1621791 -34.9293174, -56.1605481 -34.9308304, -56.1607631 -34.9325544, -56.1637241 -34.9325194, -56.1636811 -34.9331174, -56.1616641 -34.9340674, -56.1607201 -34.9353684, -56.1605051 -34.9364944, -56.1599901 -34.9378314, -56.1587891 -34.9334334, -56.1587891 -34.9287194, -56.1577101 -34.9275654, -56.1538101 -34.9250594, -56.1496911 -34.9222444, -56.1455711 -34.9201334, -56.1455711 -34.9190074, -56.1481831 -34.9182934, -56.1482481 -34.9162524, -56.1472821 -34.9141944, -56.1425401 -34.9105874, -56.1402491 -34.9112654, -56.1383611 -34.9121104, -56.1357861 -34.9109844, -56.1330391 -34.9122514, -56.1308081 -34.9116884, -56.1300091 -34.9110444, -56.1296061 -34.9098584, -56.1328681 -34.9090134, -56.1331411 -34.9077544, -56.1318381 -34.9047904, -56.1275461 -34.9059164, -56.1257281 -34.9054404, -56.1239251 -34.9046304, -56.1231501 -34.9021994, -56.121892 -34.8998624, -56.1200952516811 -34.8986910838319, -56.1165761947632 -34.8976175481557, -56.1138939857483 -34.898251111891, -56.1117696762085 -34.897406359158, -56.1122417449951 -34.896526398082, -56.1187219619751 -34.8871806425717, -56.1239790916443 -34.8868814197189, -56.1314464503675 -34.8798409383652, -56.1385488510132 -34.8739610065961, -56.1558651911037 -34.874805999307, -56.1743831634522 -34.88110797066, -56.1859703063965 -34.8811959835985, -56.1971743 -34.8833678, -56.1981582641602 -34.8879726968254, -56.196870803833 -34.8981807161617, -56.1991291 -34.8995814, -56.2030506134033 -34.9005741371092, -56.2091445922852 -34.9026155292723, -56.2160968780518 -34.9051496006743, -56.2140641 -34.9105614)) | AI22: 0 rows | AJ22: 0 rows | AK22: null | AL22: 31.33 | AM22: 0 rows | AN22: FALSE | AO22: America/Montevideo | AP22: FALSE | AQ22: 900 | AR22: 300 | AS22: 0 | AT22: 15000 | AU22: 15000 | AV22: 0 | AW22: 25 | AX22: 0 | AY22: null | AZ22: null | BA22: null | BB22: null | BC22: null | BD22: null | BE22: 17 | BF22: PEDIDOS_YA | BG22: 2017-06-14 00:21:16.209000 UTC | BH22: 42899.89 | BI22: null | BJ22: null | BK22: null | BL22: cancelled | BM22: 0 rows | BN22: 15000 | BO22: 7 | BP22: null | BQ22: 48cacb2fd8587bdc41bb0a4eb49a05db7a2ef8c795168bafe367fcc8d91fca3b | BR22: 22 | BS22: 2017-06-13 23:51:16.955000 UTC | BT22: TRUE | BU22: null | BV22: FALSE | BW22: null | BX22: 1 | BY22: America/Montevideo | BZ22: cancelled | CA22: null | CB22: 1447 | CC22: null | CD22: null | CE22: null | CF22: null | CG22: null | CH22: null | CI22: null | CJ22: null | CK22: null | CL22: null | CM22: null | CN22: null | CO22: null | CP22: null | CQ22: null | CR22: null | CS22: null | CT22: null | CU22: null | CV22: null | CW22: null | CX22: null | CY22: cd89940930b544c040c15012f4d3e21bc15ea3b984fe70d76bc66dc2d9c59b0e | CZ22: cancelled | DA22: null | DB22: null | DC22: 2017-06-14 01:51:18.828000 UTC | DD22: null | DE22: null | DF22: null | DG22: order_state_machine | DH22: null | DI22: null | DJ22: null | DK22: null | DL22: order_cancelled | DM22: null | DN22: null | DO22: null | DP22: null | DQ22: TRUE | DR22: TRUE | DS22: 42899.952 | DT22: null | DU22: null | DV22: 0 | DW22: 0 | DX22: null | DY22: null | DZ22: null | EA22: null | EB22: null | EC22: null | ED22: FALSE | EE22: null | EF22: null | EG22: 0 | EH22: null | EI22: 0 | EJ22: 0 | EK22: 0 | EL22: 0 | EM22: null | EN22: null | EO22: null | EP22: null | EQ22: 0 | ER22: 0 | ES22: 0 | ET22: 0 | EU22: 0 | EV22: 0 | EW22: 0 | EX22: null | EY22: 42899.869 | EZ22: null | FA22: null | FB22: null | FC22: null | FD22: null | FE22: null | FF22: null | FG22: null | FH22: null | FI22: null | FJ22: null | FK22: null | FL22: null | FM22: 0 | FN22: 1 | FO22: api | FP22: null | FQ22: null | FR22: MSH16TVNIICP302EIKTSG8MTFDWNSCSWYXFKDPGAI9P | FS22: 4 | FT22: 41413 | FU22: Crepería Pocitos | FV22: null | FW22: null | FX22: POINT(-56.1441993713379 -34.9085998535156) | FY22: restaurants | FZ22: null | GA22: null | GB22: null | GC22: 0 | GD22: 0 | GE22: 0 | GF22: 0 | GG22: null | GH22: 0 | GI22: 0 | GJ22: null | GK22: null | GL22: null | GM22: null | GN22: null | GO22: null | GP22: null | GQ22: null | GR22: null | GS22: null | GT22: null | GU22: null | GV22: null | GW22: 0 | GX22: 0 | GY22: 0 | GZ22: 0 | HA22: null | HB22: 0 | HC22: 0 | HD22: 0 | HE22: 0 | HF22: 0 | HG22: 1800 | HH22: null | HI22: null | HJ22: null | HK22: 0 | HL22: 0 | HM22: 0 | HN22: 0 | HO22: 0 | HP22: 0 | HQ22: 0 | HR22: null | HS22: 0 | HT22: 1 | HU22: null | HV22: null | HW22: 45324.94 | HX22: null | HY22: null | HZ22: null
A23: 20 | B23: 21a16e7fe1f773f335704119bc1e1dd9eda1c43efd65d58dcaab7d6eecd390a3 | C23: uy | D23: 1 | E23: uy | F23: UY | G23: Uruguay | H23: Uruguay | I23: Americas | J23: 18 | K23: 29085 | L23: 30713910 | M23: 30713910 | N23: 41413 | O23: PY_UY | P23: PY - Uruguay | Q23: PY | R23: 42899 | S23: 2017-06-13 23:50:27.742000 UTC | T23: 42899 | U23: 42899.868 | V23: 2017-06-13 23:50:26.718000 UTC | W23: 42899.868 | X23: 1 | Y23: Montevideo | Z23: 250000 | AA23: 1 | AB23: Sur | AC23: sur | AD23: TRUE | AE23: TRUE | AF23: 2018-10-18 15:23:19.096459 UTC | AG23: 2024-02-02 06:13:06.982388 UTC | AH23: POLYGON((-56.2140641 -34.9105614, -56.2122131 -34.9116604, -56.2102171 -34.9121354, -56.2083561 -34.9116524, -56.2046171 -34.9106924, -56.2019351 -34.9106574, -56.1979871 -34.9120654, -56.1939951 -34.9128924, -56.1868931 -34.9158484, -56.1847041 -34.9160594, -56.1827301 -34.9156194, -56.1792541 -34.9150914, -56.1760141 -34.9148454, -56.1730311 -34.9148454, -56.1706071 -34.9152504, -56.1695601 -34.9179874, -56.1709711 -34.9190684, -56.1725033259964 -34.9198274320558, -56.1721694547292 -34.9207211460853, -56.1711226473097 -34.9214802015123, -56.1712534946916 -34.9228167898634, -56.1717219910535 -34.9231528641264, -56.1720383981293 -34.9243939260158, -56.171549069129 -34.9252213453885, -56.1707141 -34.9251734, -56.1692331 -34.9252964, -56.1669371 -34.9260524, -56.1621791 -34.9293174, -56.1605481 -34.9308304, -56.1607631 -34.9325544, -56.1637241 -34.9325194, -56.1636811 -34.9331174, -56.1616641 -34.9340674, -56.1607201 -34.9353684, -56.1605051 -34.9364944, -56.1599901 -34.9378314, -56.1587891 -34.9334334, -56.1587891 -34.9287194, -56.1577101 -34.9275654, -56.1538101 -34.9250594, -56.1496911 -34.9222444, -56.1455711 -34.9201334, -56.1455711 -34.9190074, -56.1481831 -34.9182934, -56.1482481 -34.9162524, -56.1472821 -34.9141944, -56.1425401 -34.9105874, -56.1402491 -34.9112654, -56.1383611 -34.9121104, -56.1357861 -34.9109844, -56.1330391 -34.9122514, -56.1308081 -34.9116884, -56.1300091 -34.9110444, -56.1296061 -34.9098584, -56.1328681 -34.9090134, -56.1331411 -34.9077544, -56.1318381 -34.9047904, -56.1275461 -34.9059164, -56.1257281 -34.9054404, -56.1239251 -34.9046304, -56.1231501 -34.9021994, -56.121892 -34.8998624, -56.1200952516811 -34.8986910838319, -56.1165761947632 -34.8976175481557, -56.1138939857483 -34.898251111891, -56.1117696762085 -34.897406359158, -56.1122417449951 -34.896526398082, -56.1187219619751 -34.8871806425717, -56.1239790916443 -34.8868814197189, -56.1314464503675 -34.8798409383652, -56.1385488510132 -34.8739610065961, -56.1558651911037 -34.874805999307, -56.1743831634522 -34.88110797066, -56.1859703063965 -34.8811959835985, -56.1971743 -34.8833678, -56.1981582641602 -34.8879726968254, -56.196870803833 -34.8981807161617, -56.1991291 -34.8995814, -56.2030506134033 -34.9005741371092, -56.2091445922852 -34.9026155292723, -56.2160968780518 -34.9051496006743, -56.2140641 -34.9105614)) | AI23: 0 rows | AJ23: 0 rows | AK23: null | AL23: 31.33 | AM23: 0 rows | AN23: FALSE | AO23: America/Montevideo | AP23: FALSE | AQ23: 900 | AR23: 300 | AS23: 0 | AT23: 40100 | AU23: 40100 | AV23: 0 | AW23: 23 | AX23: 0 | AY23: null | AZ23: null | BA23: null | BB23: null | BC23: null | BD23: null | BE23: 17 | BF23: PEDIDOS_YA | BG23: 2017-06-14 00:20:26.735000 UTC | BH23: 42899.889 | BI23: null | BJ23: null | BK23: null | BL23: cancelled | BM23: 0 rows | BN23: 40100 | BO23: 21 | BP23: null | BQ23: 79ec94263b8714d9d172dca24e7f4afbb1dff2445036eb3c1e6357e9f132604e | BR23: 20 | BS23: 2017-06-13 23:50:27.756000 UTC | BT23: TRUE | BU23: null | BV23: FALSE | BW23: null | BX23: 1 | BY23: America/Montevideo | BZ23: cancelled | CA23: null | CB23: 1021 | CC23: null | CD23: null | CE23: null | CF23: null | CG23: null | CH23: null | CI23: null | CJ23: null | CK23: null | CL23: null | CM23: null | CN23: null | CO23: null | CP23: null | CQ23: null | CR23: null | CS23: null | CT23: null | CU23: null | CV23: null | CW23: null | CX23: null | CY23: eea6c12aa02bcad697be573e87983b8f89543f08823c2e3738a935cfb048eed9 | CZ23: cancelled | DA23: null | DB23: null | DC23: 2017-06-14 01:50:27.827000 UTC | DD23: null | DE23: null | DF23: null | DG23: order_state_machine | DH23: null | DI23: null | DJ23: null | DK23: null | DL23: order_cancelled | DM23: null | DN23: null | DO23: null | DP23: null | DQ23: TRUE | DR23: TRUE | DS23: 42899.952 | DT23: null | DU23: null | DV23: 0 | DW23: 0 | DX23: null | DY23: null | DZ23: null | EA23: null | EB23: null | EC23: null | ED23: FALSE | EE23: null | EF23: null | EG23: 0 | EH23: null | EI23: 0 | EJ23: 0 | EK23: 0 | EL23: 0 | EM23: null | EN23: null | EO23: null | EP23: null | EQ23: 0 | ER23: 0 | ES23: 0 | ET23: 0 | EU23: 0 | EV23: 0 | EW23: 0 | EX23: null | EY23: 42899.868 | EZ23: null | FA23: null | FB23: null | FC23: null | FD23: null | FE23: null | FF23: null | FG23: null | FH23: null | FI23: null | FJ23: null | FK23: null | FL23: null | FM23: 0 | FN23: 1 | FO23: api | FP23: null | FQ23: null | FR23: CFI2TTFPFQPWE2KHEZJDETH8UDNIIWIAMNG63KBI5D | FS23: 4 | FT23: 41413 | FU23: Crepería Pocitos | FV23: null | FW23: null | FX23: POINT(-56.1441993713379 -34.9085998535156) | FY23: restaurants | FZ23: null | GA23: null | GB23: null | GC23: 0 | GD23: 0 | GE23: 0 | GF23: 0 | GG23: null | GH23: 0 | GI23: 0 | GJ23: null | GK23: null | GL23: null | GM23: null | GN23: null | GO23: null | GP23: null | GQ23: null | GR23: null | GS23: null | GT23: null | GU23: null | GV23: null | GW23: 0 | GX23: 0 | GY23: 0 | GZ23: 0 | HA23: null | HB23: 0 | HC23: 0 | HD23: 0 | HE23: 0 | HF23: 0 | HG23: 1800 | HH23: null | HI23: null | HJ23: null | HK23: 0 | HL23: 0 | HM23: 0 | HN23: 0 | HO23: 0 | HP23: 0 | HQ23: 0 | HR23: null | HS23: 0 | HT23: 1 | HU23: null | HV23: null | HW23: 45324.94 | HX23: null | HY23: null | HZ23: null
A24: 21 | B24: 48dac040e1719743aaa72b88bbb7e11451439251ecb991a963fbdd3263f1c08a | C24: uy | D24: 1 | E24: uy | F24: UY | G24: Uruguay | H24: Uruguay | I24: Americas | J24: 21 | K24: 29088 | L24: 30715468 | M24: 30715468 | N24: 42429 | O24: PY_UY | P24: PY - Uruguay | Q24: PY | R24: 42900 | S24: 2017-06-14 00:03:23.916000 UTC | T24: 42899 | U24: 42899.877 | V24: 2017-06-14 00:03:22.925000 UTC | W24: 42899.877 | X24: 1 | Y24: Montevideo | Z24: 250000 | AA24: 1 | AB24: Sur | AC24: sur | AD24: TRUE | AE24: TRUE | AF24: 2018-10-18 15:23:19.096459 UTC | AG24: 2024-02-02 06:13:06.982388 UTC | AH24: POLYGON((-56.2140641 -34.9105614, -56.2122131 -34.9116604, -56.2102171 -34.9121354, -56.2083561 -34.9116524, -56.2046171 -34.9106924, -56.2019351 -34.9106574, -56.1979871 -34.9120654, -56.1939951 -34.9128924, -56.1868931 -34.9158484, -56.1847041 -34.9160594, -56.1827301 -34.9156194, -56.1792541 -34.9150914, -56.1760141 -34.9148454, -56.1730311 -34.9148454, -56.1706071 -34.9152504, -56.1695601 -34.9179874, -56.1709711 -34.9190684, -56.1725033259964 -34.9198274320558, -56.1721694547292 -34.9207211460853, -56.1711226473097 -34.9214802015123, -56.1712534946916 -34.9228167898634, -56.1717219910535 -34.9231528641264, -56.1720383981293 -34.9243939260158, -56.171549069129 -34.9252213453885, -56.1707141 -34.9251734, -56.1692331 -34.9252964, -56.1669371 -34.9260524, -56.1621791 -34.9293174, -56.1605481 -34.9308304, -56.1607631 -34.9325544, -56.1637241 -34.9325194, -56.1636811 -34.9331174, -56.1616641 -34.9340674, -56.1607201 -34.9353684, -56.1605051 -34.9364944, -56.1599901 -34.9378314, -56.1587891 -34.9334334, -56.1587891 -34.9287194, -56.1577101 -34.9275654, -56.1538101 -34.9250594, -56.1496911 -34.9222444, -56.1455711 -34.9201334, -56.1455711 -34.9190074, -56.1481831 -34.9182934, -56.1482481 -34.9162524, -56.1472821 -34.9141944, -56.1425401 -34.9105874, -56.1402491 -34.9112654, -56.1383611 -34.9121104, -56.1357861 -34.9109844, -56.1330391 -34.9122514, -56.1308081 -34.9116884, -56.1300091 -34.9110444, -56.1296061 -34.9098584, -56.1328681 -34.9090134, -56.1331411 -34.9077544, -56.1318381 -34.9047904, -56.1275461 -34.9059164, -56.1257281 -34.9054404, -56.1239251 -34.9046304, -56.1231501 -34.9021994, -56.121892 -34.8998624, -56.1200952516811 -34.8986910838319, -56.1165761947632 -34.8976175481557, -56.1138939857483 -34.898251111891, -56.1117696762085 -34.897406359158, -56.1122417449951 -34.896526398082, -56.1187219619751 -34.8871806425717, -56.1239790916443 -34.8868814197189, -56.1314464503675 -34.8798409383652, -56.1385488510132 -34.8739610065961, -56.1558651911037 -34.874805999307, -56.1743831634522 -34.88110797066, -56.1859703063965 -34.8811959835985, -56.1971743 -34.8833678, -56.1981582641602 -34.8879726968254, -56.196870803833 -34.8981807161617, -56.1991291 -34.8995814, -56.2030506134033 -34.9005741371092, -56.2091445922852 -34.9026155292723, -56.2160968780518 -34.9051496006743, -56.2140641 -34.9105614)) | AI24: 0 rows | AJ24: 0 rows | AK24: null | AL24: 31.33 | AM24: 0 rows | AN24: FALSE | AO24: America/Montevideo | AP24: FALSE | AQ24: 900 | AR24: 300 | AS24: 0 | AT24: 53000 | AU24: 53000 | AV24: 0 | AW24: 27 | AX24: 0 | AY24: null | AZ24: null | BA24: null | BB24: null | BC24: null | BD24: null | BE24: 26 | BF24: PEDIDOS_YA | BG24: 2017-06-15 09:53:30.343000 UTC | BH24: 42901.287 | BI24: null | BJ24: null | BK24: null | BL24: cancelled | BM24: 0 rows | BN24: 53000 | BO24: 26 | BP24: null | BQ24: 48d950f766bd87ec99acab1d0eae4a1f7397b6ce53f494223484590b10f4639a | BR24: 23 | BS24: 2017-06-14 00:03:23.924000 UTC | BT24: TRUE | BU24: null | BV24: FALSE | BW24: null | BX24: 1 | BY24: America/Montevideo | BZ24: cancelled | CA24: null | CB24: 515863 | CC24: null | CD24: null | CE24: null | CF24: null | CG24: null | CH24: null | CI24: null | CJ24: null | CK24: null | CL24: null | CM24: null | CN24: null | CO24: null | CP24: null | CQ24: null | CR24: null | CS24: null | CT24: null | CU24: null | CV24: null | CW24: null | CX24: null | CY24: 87eba4813e3a919e2f1f41a94c76d286d172bb4f05fae283ca4fd4cc62e80cbf | CZ24: cancelled | DA24: null | DB24: null | DC24: 2017-06-14 13:57:37.508000 UTC | DD24: null | DE24: null | DF24: null | DG24: order_state_machine | DH24: null | DI24: null | DJ24: null | DK24: null | DL24: order_cancelled | DM24: null | DN24: null | DO24: null | DP24: null | DQ24: TRUE | DR24: TRUE | DS24: 42900.457 | DT24: null | DU24: null | DV24: 0 | DW24: 0 | DX24: null | DY24: null | DZ24: null | EA24: null | EB24: null | EC24: null | ED24: FALSE | EE24: null | EF24: null | EG24: 0 | EH24: null | EI24: 0 | EJ24: 0 | EK24: 0 | EL24: 0 | EM24: null | EN24: null | EO24: null | EP24: null | EQ24: 0 | ER24: 0 | ES24: 0 | ET24: 0 | EU24: 0 | EV24: 0 | EW24: 0 | EX24: null | EY24: 42899.877 | EZ24: null | FA24: null | FB24: null | FC24: null | FD24: null | FE24: null | FF24: null | FG24: null | FH24: null | FI24: null | FJ24: null | FK24: null | FL24: null | FM24: 0 | FN24: 1 | FO24: dispatcher | FP24: 12132 | FQ24: TRAFFIC_MANAGER_NO_RIDER | FR24: ALM9IGBQVFRJ3XGSUEBXQWRJXUUUTB8LXWBAYYINGZ | FS24: 5 | FT24: 42429 | FU24: Fellini Pocitos | FV24: null | FW24: null | FX24: POINT(-56.1483993530273 -34.9132995605469) | FY24: restaurants | FZ24: null | GA24: null | GB24: null | GC24: 0 | GD24: 0 | GE24: 0 | GF24: 0 | GG24: null | GH24: 0 | GI24: 0 | GJ24: null | GK24: null | GL24: null | GM24: null | GN24: null | GO24: null | GP24: null | GQ24: null | GR24: null | GS24: null | GT24: null | GU24: null | GV24: null | GW24: 0 | GX24: 0 | GY24: 0 | GZ24: 0 | HA24: null | HB24: 0 | HC24: 0 | HD24: 0 | HE24: 0 | HF24: 0 | HG24: 121807 | HH24: null | HI24: null | HJ24: null | HK24: 0 | HL24: 0 | HM24: 0 | HN24: 0 | HO24: 0 | HP24: 0 | HQ24: 0 | HR24: null | HS24: 0 | HT24: 1 | HU24: null | HV24: null | HW24: 45324.94 | HX24: null | HY24: null | HZ24: null
A25: 22 | B25: 36c599bde13dd70124772da0cae6412904e1d2c88249c5fb6307663a6676d4dd | C25: uy | D25: 1 | E25: uy | F25: UY | G25: Uruguay | H25: Uruguay | I25: Americas | J25: 22 | K25: 29089 | L25: 30716120 | M25: 30716120 | N25: 42429 | O25: PY_UY | P25: PY - Uruguay | Q25: PY | R25: 42900 | S25: 2017-06-14 00:08:44.420000 UTC | T25: 42899 | U25: 42899.881 | V25: 2017-06-14 00:08:43.879000 UTC | W25: 42899.881 | X25: 1 | Y25: Montevideo | Z25: 250000 | AA25: 1 | AB25: Sur | AC25: sur | AD25: TRUE | AE25: TRUE | AF25: 2018-10-18 15:23:19.096459 UTC | AG25: 2024-02-02 06:13:06.982388 UTC | AH25: POLYGON((-56.2140641 -34.9105614, -56.2122131 -34.9116604, -56.2102171 -34.9121354, -56.2083561 -34.9116524, -56.2046171 -34.9106924, -56.2019351 -34.9106574, -56.1979871 -34.9120654, -56.1939951 -34.9128924, -56.1868931 -34.9158484, -56.1847041 -34.9160594, -56.1827301 -34.9156194, -56.1792541 -34.9150914, -56.1760141 -34.9148454, -56.1730311 -34.9148454, -56.1706071 -34.9152504, -56.1695601 -34.9179874, -56.1709711 -34.9190684, -56.1725033259964 -34.9198274320558, -56.1721694547292 -34.9207211460853, -56.1711226473097 -34.9214802015123, -56.1712534946916 -34.9228167898634, -56.1717219910535 -34.9231528641264, -56.1720383981293 -34.9243939260158, -56.171549069129 -34.9252213453885, -56.1707141 -34.9251734, -56.1692331 -34.9252964, -56.1669371 -34.9260524, -56.1621791 -34.9293174, -56.1605481 -34.9308304, -56.1607631 -34.9325544, -56.1637241 -34.9325194, -56.1636811 -34.9331174, -56.1616641 -34.9340674, -56.1607201 -34.9353684, -56.1605051 -34.9364944, -56.1599901 -34.9378314, -56.1587891 -34.9334334, -56.1587891 -34.9287194, -56.1577101 -34.9275654, -56.1538101 -34.9250594, -56.1496911 -34.9222444, -56.1455711 -34.9201334, -56.1455711 -34.9190074, -56.1481831 -34.9182934, -56.1482481 -34.9162524, -56.1472821 -34.9141944, -56.1425401 -34.9105874, -56.1402491 -34.9112654, -56.1383611 -34.9121104, -56.1357861 -34.9109844, -56.1330391 -34.9122514, -56.1308081 -34.9116884, -56.1300091 -34.9110444, -56.1296061 -34.9098584, -56.1328681 -34.9090134, -56.1331411 -34.9077544, -56.1318381 -34.9047904, -56.1275461 -34.9059164, -56.1257281 -34.9054404, -56.1239251 -34.9046304, -56.1231501 -34.9021994, -56.121892 -34.8998624, -56.1200952516811 -34.8986910838319, -56.1165761947632 -34.8976175481557, -56.1138939857483 -34.898251111891, -56.1117696762085 -34.897406359158, -56.1122417449951 -34.896526398082, -56.1187219619751 -34.8871806425717, -56.1239790916443 -34.8868814197189, -56.1314464503675 -34.8798409383652, -56.1385488510132 -34.8739610065961, -56.1558651911037 -34.874805999307, -56.1743831634522 -34.88110797066, -56.1859703063965 -34.8811959835985, -56.1971743 -34.8833678, -56.1981582641602 -34.8879726968254, -56.196870803833 -34.8981807161617, -56.1991291 -34.8995814, -56.2030506134033 -34.9005741371092, -56.2091445922852 -34.9026155292723, -56.2160968780518 -34.9051496006743, -56.2140641 -34.9105614)) | AI25: 0 rows | AJ25: 0 rows | AK25: null | AL25: 31.33 | AM25: 0 rows | AN25: FALSE | AO25: America/Montevideo | AP25: FALSE | AQ25: 900 | AR25: 300 | AS25: 0 | AT25: 62000 | AU25: 62000 | AV25: 0 | AW25: 28 | AX25: 0 | AY25: null | AZ25: null | BA25: null | BB25: null | BC25: null | BD25: null | BE25: 26 | BF25: PEDIDOS_YA | BG25: 2017-06-15 09:58:51.300000 UTC | BH25: 42901.291 | BI25: null | BJ25: null | BK25: null | BL25: cancelled | BM25: 0 rows | BN25: 62000 | BO25: 31 | BP25: null | BQ25: 085112afd8a686cf6a6d74fe1d2ab56a89a52da856b8a332f606cff1ae902e4f | BR25: 24 | BS25: 2017-06-14 00:08:44.432000 UTC | BT25: TRUE | BU25: null | BV25: FALSE | BW25: null | BX25: 1 | BY25: America/Montevideo | BZ25: cancelled | CA25: null | CB25: 515863 | CC25: null | CD25: null | CE25: null | CF25: null | CG25: null | CH25: null | CI25: null | CJ25: null | CK25: null | CL25: null | CM25: null | CN25: null | CO25: null | CP25: null | CQ25: null | CR25: null | CS25: null | CT25: null | CU25: null | CV25: null | CW25: null | CX25: null | CY25: 2f92abcffdb9c1c845b9d99c6633dfecbfa1eb183e8a9cd2cfcb02ebfb2d3f8b | CZ25: cancelled | DA25: null | DB25: null | DC25: 2017-06-14 13:57:43.453000 UTC | DD25: null | DE25: null | DF25: null | DG25: order_state_machine | DH25: null | DI25: null | DJ25: null | DK25: null | DL25: order_cancelled | DM25: null | DN25: null | DO25: null | DP25: null | DQ25: TRUE | DR25: TRUE | DS25: 42900.457 | DT25: null | DU25: null | DV25: 0 | DW25: 0 | DX25: null | DY25: null | DZ25: null | EA25: null | EB25: null | EC25: null | ED25: FALSE | EE25: null | EF25: null | EG25: 0 | EH25: null | EI25: 0 | EJ25: 0 | EK25: 0 | EL25: 0 | EM25: null | EN25: null | EO25: null | EP25: null | EQ25: 0 | ER25: 0 | ES25: 0 | ET25: 0 | EU25: 0 | EV25: 0 | EW25: 0 | EX25: null | EY25: 42899.881 | EZ25: null | FA25: null | FB25: null | FC25: null | FD25: null | FE25: null | FF25: null | FG25: null | FH25: null | FI25: null | FJ25: null | FK25: null | FL25: null | FM25: 0 | FN25: 1 | FO25: dispatcher | FP25: 12132 | FQ25: TRAFFIC_MANAGER_NO_RIDER | FR25: ALM9IGBQVFRJ3XGSUEBXQWRJXUUUTB8LXWBAYYINGZ | FS25: 5 | FT25: 42429 | FU25: Fellini Pocitos | FV25: null | FW25: null | FX25: POINT(-56.1483993530273 -34.9132995605469) | FY25: restaurants | FZ25: null | GA25: null | GB25: null | GC25: 0 | GD25: 0 | GE25: 0 | GF25: 0 | GG25: null | GH25: 0 | GI25: 0 | GJ25: null | GK25: null | GL25: null | GM25: null | GN25: null | GO25: null | GP25: null | GQ25: null | GR25: null | GS25: null | GT25: null | GU25: null | GV25: null | GW25: 0 | GX25: 0 | GY25: 0 | GZ25: 0 | HA25: null | HB25: 0 | HC25: 0 | HD25: 0 | HE25: 0 | HF25: 0 | HG25: 121807 | HH25: null | HI25: null | HJ25: null | HK25: 0 | HL25: 0 | HM25: 0 | HN25: 0 | HO25: 0 | HP25: 0 | HQ25: 0 | HR25: null | HS25: 0 | HT25: 1 | HU25: null | HV25: null | HW25: 45324.94 | HX25: null | HY25: null | HZ25: null
A26: 23 | B26: 6b085aa2ee8a874126205ac15e7b1fa84b5197fd2aaacd737385f268f9cdea48 | C26: uy | D26: 1 | E26: uy | F26: UY | G26: Uruguay | H26: Uruguay | I26: Americas | J26: 24 | K26: 29140 | L26: 30732053 | M26: 30732053 | N26: 44641 | O26: PY_UY | P26: PY - Uruguay | Q26: PY | R26: 42900 | S26: 2017-06-14 14:41:10.814000 UTC | T26: 42900 | U26: 42900.487 | V26: 2017-06-14 14:41:09.528000 UTC | W26: 42900.487 | X26: 1 | Y26: Montevideo | Z26: 250000 | AA26: 1 | AB26: Sur | AC26: sur | AD26: TRUE | AE26: TRUE | AF26: 2018-10-18 15:23:19.096459 UTC | AG26: 2024-02-02 06:13:06.982388 UTC | AH26: POLYGON((-56.2140641 -34.9105614, -56.2122131 -34.9116604, -56.2102171 -34.9121354, -56.2083561 -34.9116524, -56.2046171 -34.9106924, -56.2019351 -34.9106574, -56.1979871 -34.9120654, -56.1939951 -34.9128924, -56.1868931 -34.9158484, -56.1847041 -34.9160594, -56.1827301 -34.9156194, -56.1792541 -34.9150914, -56.1760141 -34.9148454, -56.1730311 -34.9148454, -56.1706071 -34.9152504, -56.1695601 -34.9179874, -56.1709711 -34.9190684, -56.1725033259964 -34.9198274320558, -56.1721694547292 -34.9207211460853, -56.1711226473097 -34.9214802015123, -56.1712534946916 -34.9228167898634, -56.1717219910535 -34.9231528641264, -56.1720383981293 -34.9243939260158, -56.171549069129 -34.9252213453885, -56.1707141 -34.9251734, -56.1692331 -34.9252964, -56.1669371 -34.9260524, -56.1621791 -34.9293174, -56.1605481 -34.9308304, -56.1607631 -34.9325544, -56.1637241 -34.9325194, -56.1636811 -34.9331174, -56.1616641 -34.9340674, -56.1607201 -34.9353684, -56.1605051 -34.9364944, -56.1599901 -34.9378314, -56.1587891 -34.9334334, -56.1587891 -34.9287194, -56.1577101 -34.9275654, -56.1538101 -34.9250594, -56.1496911 -34.9222444, -56.1455711 -34.9201334, -56.1455711 -34.9190074, -56.1481831 -34.9182934, -56.1482481 -34.9162524, -56.1472821 -34.9141944, -56.1425401 -34.9105874, -56.1402491 -34.9112654, -56.1383611 -34.9121104, -56.1357861 -34.9109844, -56.1330391 -34.9122514, -56.1308081 -34.9116884, -56.1300091 -34.9110444, -56.1296061 -34.9098584, -56.1328681 -34.9090134, -56.1331411 -34.9077544, -56.1318381 -34.9047904, -56.1275461 -34.9059164, -56.1257281 -34.9054404, -56.1239251 -34.9046304, -56.1231501 -34.9021994, -56.121892 -34.8998624, -56.1200952516811 -34.8986910838319, -56.1165761947632 -34.8976175481557, -56.1138939857483 -34.898251111891, -56.1117696762085 -34.897406359158, -56.1122417449951 -34.896526398082, -56.1187219619751 -34.8871806425717, -56.1239790916443 -34.8868814197189, -56.1314464503675 -34.8798409383652, -56.1385488510132 -34.8739610065961, -56.1558651911037 -34.874805999307, -56.1743831634522 -34.88110797066, -56.1859703063965 -34.8811959835985, -56.1971743 -34.8833678, -56.1981582641602 -34.8879726968254, -56.196870803833 -34.8981807161617, -56.1991291 -34.8995814, -56.2030506134033 -34.9005741371092, -56.2091445922852 -34.9026155292723, -56.2160968780518 -34.9051496006743, -56.2140641 -34.9105614)) | AI26: 0 rows | AJ26: 0 rows | AK26: null | AL26: 31.33 | AM26: 0 rows | AN26: FALSE | AO26: America/Montevideo | AP26: FALSE | AQ26: 900 | AR26: 300 | AS26: 0 | AT26: 21500 | AU26: 21500 | AV26: 0 | AW26: 30 | AX26: 0 | AY26: 2017-06-14 14:56:57.916000 UTC | AZ26: 42900.498 | BA26: 2017-06-14 14:56:33.725000 UTC | BB26: 42900.498 | BC26: null | BD26: null | BE26: 13 | BF26: PEDIDOS_YA | BG26: 2017-06-14 15:11:09.545000 UTC | BH26: 42900.508 | BI26: 2017-06-14 15:11:33.725000 UTC | BJ26: 42900.508 | BK26: null | BL26: completed | BM26: 0 rows | BN26: 21500 | BO26: 10 | BP26: null | BQ26: 9417b3d8ddcd4ebd0d63677b0268cc82f44b8fd7f6e056efff1573e2fad9d4c3 | BR26: 26 | BS26: 2017-06-14 14:41:10.822000 UTC | BT26: TRUE | BU26: null | BV26: FALSE | BW26: 12157 | BX26: 1 | BY26: America/Montevideo | BZ26: completed | CA26: null | CB26: 1277 | CC26: 2017-06-14 14:46:59.428000 UTC | CD26: null | CE26: 2017-06-14 14:47:59.118000 UTC | CF26: null | CG26: 2017-06-14 15:03:27.561000 UTC | CH26: null | CI26: 2017-06-14 15:14:10.840000 UTC | CJ26: null | CK26: null | CL26: null | CM26: EU0PP8UBPXTSNTECOBS5KRJRS1OPNVPL4RSLHIJOIZ | CN26: null | CO26: 3 | CP26: null | CQ26: null | CR26: null | CS26: null | CT26: null | CU26: null | CV26: null | CW26: null | CX26: null | CY26: c973ec5a70ef5e687128262b4d8bbf163f33a023f468c1f7cf73f2268961e3f9 | CZ26: completed | DA26: 12157 | DB26: null | DC26: 2017-06-14 15:14:10.838000 UTC | DD26: EU0PP8UBPXTSNTECOBS5KRJRS1OPNVPL4RSLHIJOIZ | DE26: 3 | DF26: null | DG26: null | DH26: null | DI26: null | DJ26: null | DK26: null | DL26: null | DM26: null | DN26: null | DO26: null | DP26: null | DQ26: TRUE | DR26: TRUE | DS26: 42900.51 | DT26: null | DU26: null | DV26: 0 | DW26: 0 | DX26: null | DY26: null | DZ26: null | EA26: null | EB26: null | EC26: 0 | ED26: FALSE | EE26: FALSE | EF26: null | EG26: 0 | EH26: null | EI26: 0 | EJ26: 0 | EK26: 0 | EL26: 0 | EM26: null | EN26: null | EO26: null | EP26: null | EQ26: 0 | ER26: 0 | ES26: 0 | ET26: 0 | EU26: 0 | EV26: 0 | EW26: 0 | EX26: null | EY26: 42900.487 | EZ26: 42900.491 | FA26: null | FB26: 42900.492 | FC26: null | FD26: 42900.502 | FE26: null | FF26: 42900.51 | FG26: null | FH26: null | FI26: null | FJ26: null | FK26: null | FL26: null | FM26: 1 | FN26: 0 | FO26: null | FP26: null | FQ26: null | FR26: UT5AEIE2WUCGUFUNLPKNVZMWNSDB4YXPQ4KQU6MKHDE | FS26: 3 | FT26: 44641 | FU26: Brys | FV26: null | FW26: null | FX26: POINT(-56.1587982177734 -34.9240989685059) | FY26: restaurants | FZ26: null | GA26: null | GB26: null | GC26: 0 | GD26: 922 | GE26: 24 | GF26: 0 | GG26: null | GH26: 0 | GI26: 0 | GJ26: null | GK26: null | GL26: null | GM26: null | GN26: null | GO26: null | GP26: null | GQ26: null | GR26: null | GS26: null | GT26: null | GU26: null | GV26: null | GW26: 0 | GX26: 0 | GY26: 0 | GZ26: 0 | HA26: null | HB26: 0 | HC26: 0 | HD26: 0 | HE26: 0 | HF26: 0 | HG26: 1800 | HH26: null | HI26: null | HJ26: null | HK26: 0 | HL26: 0 | HM26: 0 | HN26: 0 | HO26: 0 | HP26: 0 | HQ26: 1 | HR26: 42900.51 | HS26: 1 | HT26: 0 | HU26: 409 | HV26: null | HW26: 45324.94 | HX26: null | HY26: null | HZ26: null
